mid,date,venue,bat_team,bowl_team,batsman,bowler,runs,wickets,overs,runs_last_5,wickets_last_5,striker,non-striker,total
836,3/15/2015,McLean Park,United Arab Emirates,West Indies,Amjad Ali,JE Taylor,1,0,0.1,1,0,1,0,175
836,3/15/2015,McLean Park,United Arab Emirates,West Indies,AR Berenger,JE Taylor,2,0,0.2,2,0,1,1,175
836,3/15/2015,McLean Park,United Arab Emirates,West Indies,Amjad Ali,JE Taylor,2,0,0.3,2,0,1,1,175
836,3/15/2015,McLean Park,United Arab Emirates,West Indies,Amjad Ali,JE Taylor,3,0,0.3,3,0,1,1,175
836,3/15/2015,McLean Park,United Arab Emirates,West Indies,Amjad Ali,JE Taylor,3,0,0.4,3,0,1,1,175
836,3/15/2015,McLean Park,United Arab Emirates,West Indies,Amjad Ali,JE Taylor,3,0,0.5,3,0,1,1,175
836,3/15/2015,McLean Park,United Arab Emirates,West Indies,Amjad Ali,JE Taylor,3,0,0.6,3,0,1,1,175
836,3/15/2015,McLean Park,United Arab Emirates,West Indies,AR Berenger,JO Holder,4,0,1,4,0,1,1,175
836,3/15/2015,McLean Park,United Arab Emirates,West Indies,AR Berenger,JO Holder,4,0,1.1,4,0,1,1,175
836,3/15/2015,McLean Park,United Arab Emirates,West Indies,AR Berenger,JO Holder,4,0,1.2,4,0,1,1,175
836,3/15/2015,McLean Park,United Arab Emirates,West Indies,AR Berenger,JO Holder,8,0,1.3,8,0,5,1,175
836,3/15/2015,McLean Park,United Arab Emirates,West Indies,AR Berenger,JO Holder,9,0,1.4,9,0,6,1,175
836,3/15/2015,McLean Park,United Arab Emirates,West Indies,Amjad Ali,JO Holder,10,0,1.4,10,0,6,1,175
836,3/15/2015,McLean Park,United Arab Emirates,West Indies,Amjad Ali,JO Holder,10,0,1.5,10,0,6,1,175
836,3/15/2015,McLean Park,United Arab Emirates,West Indies,Amjad Ali,JO Holder,10,0,1.6,10,0,6,1,175
836,3/15/2015,McLean Park,United Arab Emirates,West Indies,AR Berenger,JE Taylor,11,0,2.1,11,0,7,1,175
836,3/15/2015,McLean Park,United Arab Emirates,West Indies,Amjad Ali,JE Taylor,11,0,2.2,11,0,7,1,175
836,3/15/2015,McLean Park,United Arab Emirates,West Indies,Amjad Ali,JE Taylor,11,0,2.3,11,0,7,1,175
836,3/15/2015,McLean Park,United Arab Emirates,West Indies,Amjad Ali,JE Taylor,11,0,2.4,11,0,7,1,175
836,3/15/2015,McLean Park,United Arab Emirates,West Indies,Amjad Ali,JE Taylor,13,0,2.5,13,0,7,3,175
836,3/15/2015,McLean Park,United Arab Emirates,West Indies,Amjad Ali,JE Taylor,13,0,2.6,13,0,7,3,175
836,3/15/2015,McLean Park,United Arab Emirates,West Indies,AR Berenger,JO Holder,13,1,3.1,13,1,7,3,175
836,3/15/2015,McLean Park,United Arab Emirates,West Indies,Krishna Chandran,JO Holder,13,1,3.2,13,1,3,0,175
836,3/15/2015,McLean Park,United Arab Emirates,West Indies,Krishna Chandran,JO Holder,13,1,3.3,13,1,3,0,175
836,3/15/2015,McLean Park,United Arab Emirates,West Indies,Krishna Chandran,JO Holder,13,1,3.4,13,1,3,0,175
836,3/15/2015,McLean Park,United Arab Emirates,West Indies,Krishna Chandran,JO Holder,13,1,3.5,13,1,3,0,175
836,3/15/2015,McLean Park,United Arab Emirates,West Indies,Krishna Chandran,JO Holder,13,1,3.6,13,1,3,0,175
836,3/15/2015,McLean Park,United Arab Emirates,West Indies,Amjad Ali,JE Taylor,13,1,4.1,13,1,3,0,175
836,3/15/2015,McLean Park,United Arab Emirates,West Indies,Amjad Ali,JE Taylor,15,1,4.2,15,1,5,0,175
836,3/15/2015,McLean Park,United Arab Emirates,West Indies,Amjad Ali,JE Taylor,15,1,4.3,15,1,5,0,175
836,3/15/2015,McLean Park,United Arab Emirates,West Indies,Amjad Ali,JE Taylor,15,1,4.4,14,1,5,0,175
836,3/15/2015,McLean Park,United Arab Emirates,West Indies,Amjad Ali,JE Taylor,15,1,4.5,13,1,5,0,175
836,3/15/2015,McLean Park,United Arab Emirates,West Indies,Amjad Ali,JE Taylor,15,1,4.6,13,1,5,0,175
836,3/15/2015,McLean Park,United Arab Emirates,West Indies,Krishna Chandran,JO Holder,16,1,5,13,1,5,0,175
836,3/15/2015,McLean Park,United Arab Emirates,West Indies,Krishna Chandran,JO Holder,16,2,5.1,13,2,5,0,175
836,3/15/2015,McLean Park,United Arab Emirates,West Indies,Khurram Khan,JO Holder,17,2,5.2,14,2,5,1,175
836,3/15/2015,McLean Park,United Arab Emirates,West Indies,Amjad Ali,JO Holder,17,3,5.3,14,3,5,1,175
836,3/15/2015,McLean Park,United Arab Emirates,West Indies,Shaiman Anwar,JO Holder,17,3,5.4,13,3,1,0,175
836,3/15/2015,McLean Park,United Arab Emirates,West Indies,Shaiman Anwar,JO Holder,17,3,5.5,13,3,1,0,175
836,3/15/2015,McLean Park,United Arab Emirates,West Indies,Shaiman Anwar,JO Holder,17,3,5.6,13,3,1,0,175
836,3/15/2015,McLean Park,United Arab Emirates,West Indies,Khurram Khan,JE Taylor,17,3,6.1,9,3,1,0,175
836,3/15/2015,McLean Park,United Arab Emirates,West Indies,Khurram Khan,JE Taylor,17,3,6.2,8,3,1,0,175
836,3/15/2015,McLean Park,United Arab Emirates,West Indies,Khurram Khan,JE Taylor,21,3,6.3,11,3,5,0,175
836,3/15/2015,McLean Park,United Arab Emirates,West Indies,Khurram Khan,JE Taylor,21,4,6.4,11,4,5,0,175
836,3/15/2015,McLean Park,United Arab Emirates,West Indies,SP Patil,JE Taylor,22,4,6.5,12,4,1,0,175
836,3/15/2015,McLean Park,United Arab Emirates,West Indies,Shaiman Anwar,JE Taylor,24,4,6.6,13,4,2,1,175
836,3/15/2015,McLean Park,United Arab Emirates,West Indies,SP Patil,JO Holder,24,4,7.1,13,4,2,1,175
836,3/15/2015,McLean Park,United Arab Emirates,West Indies,SP Patil,JO Holder,24,4,7.2,13,4,2,1,175
836,3/15/2015,McLean Park,United Arab Emirates,West Indies,SP Patil,JO Holder,24,4,7.3,13,4,2,1,175
836,3/15/2015,McLean Park,United Arab Emirates,West Indies,SP Patil,JO Holder,24,4,7.4,11,4,2,1,175
836,3/15/2015,McLean Park,United Arab Emirates,West Indies,SP Patil,JO Holder,25,4,7.5,12,4,2,2,175
836,3/15/2015,McLean Park,United Arab Emirates,West Indies,Shaiman Anwar,JO Holder,25,4,7.6,12,3,2,2,175
836,3/15/2015,McLean Park,United Arab Emirates,West Indies,SP Patil,JE Taylor,26,4,8.1,13,3,3,2,175
836,3/15/2015,McLean Park,United Arab Emirates,West Indies,Shaiman Anwar,JE Taylor,26,5,8.2,13,4,3,2,175
836,3/15/2015,McLean Park,United Arab Emirates,West Indies,Amjad Javed,JE Taylor,26,5,8.3,13,4,3,0,175
836,3/15/2015,McLean Park,United Arab Emirates,West Indies,Amjad Javed,JE Taylor,26,5,8.4,13,4,3,0,175
836,3/15/2015,McLean Park,United Arab Emirates,West Indies,Amjad Javed,JE Taylor,28,5,8.5,15,4,3,2,175
836,3/15/2015,McLean Park,United Arab Emirates,West Indies,Amjad Javed,JE Taylor,29,5,8.6,16,4,3,3,175
836,3/15/2015,McLean Park,United Arab Emirates,West Indies,Amjad Javed,JO Holder,29,5,9.1,14,4,3,3,175
836,3/15/2015,McLean Park,United Arab Emirates,West Indies,Amjad Javed,JO Holder,29,5,9.2,14,4,3,3,175
836,3/15/2015,McLean Park,United Arab Emirates,West Indies,Amjad Javed,JO Holder,29,5,9.3,14,4,3,3,175
836,3/15/2015,McLean Park,United Arab Emirates,West Indies,Amjad Javed,JO Holder,29,5,9.4,14,4,3,3,175
836,3/15/2015,McLean Park,United Arab Emirates,West Indies,Amjad Javed,JO Holder,30,5,9.4,15,4,3,3,175
836,3/15/2015,McLean Park,United Arab Emirates,West Indies,Amjad Javed,JO Holder,30,5,9.5,14,4,3,3,175
836,3/15/2015,McLean Park,United Arab Emirates,West Indies,Amjad Javed,JO Holder,31,5,9.6,15,3,4,3,175
836,3/15/2015,McLean Park,United Arab Emirates,West Indies,Amjad Javed,JE Taylor,37,5,10.1,20,3,10,3,175
836,3/15/2015,McLean Park,United Arab Emirates,West Indies,Amjad Javed,JE Taylor,38,5,10.2,21,2,11,3,175
836,3/15/2015,McLean Park,United Arab Emirates,West Indies,SP Patil,JE Taylor,39,5,10.3,22,2,11,3,175
836,3/15/2015,McLean Park,United Arab Emirates,West Indies,Amjad Javed,JE Taylor,39,5,10.4,22,2,11,3,175
836,3/15/2015,McLean Park,United Arab Emirates,West Indies,Amjad Javed,JE Taylor,39,5,10.5,22,2,11,3,175
836,3/15/2015,McLean Park,United Arab Emirates,West Indies,Amjad Javed,JE Taylor,40,5,10.6,23,2,12,3,175
836,3/15/2015,McLean Park,United Arab Emirates,West Indies,Amjad Javed,JO Holder,41,5,11.1,24,2,13,3,175
836,3/15/2015,McLean Park,United Arab Emirates,West Indies,SP Patil,JO Holder,41,5,11.2,20,2,13,3,175
836,3/15/2015,McLean Park,United Arab Emirates,West Indies,SP Patil,JO Holder,41,5,11.3,20,1,13,3,175
836,3/15/2015,McLean Park,United Arab Emirates,West Indies,SP Patil,JO Holder,42,5,11.4,20,1,13,4,175
836,3/15/2015,McLean Park,United Arab Emirates,West Indies,Amjad Javed,JO Holder,42,5,11.5,18,1,13,4,175
836,3/15/2015,McLean Park,United Arab Emirates,West Indies,Amjad Javed,JO Holder,42,5,11.6,18,1,13,4,175
836,3/15/2015,McLean Park,United Arab Emirates,West Indies,SP Patil,KAJ Roach,42,5,12.1,18,1,13,4,175
836,3/15/2015,McLean Park,United Arab Emirates,West Indies,SP Patil,KAJ Roach,42,5,12.2,18,1,13,4,175
836,3/15/2015,McLean Park,United Arab Emirates,West Indies,SP Patil,KAJ Roach,43,5,12.2,19,1,13,4,175
836,3/15/2015,McLean Park,United Arab Emirates,West Indies,SP Patil,KAJ Roach,43,5,12.3,18,1,13,4,175
836,3/15/2015,McLean Park,United Arab Emirates,West Indies,SP Patil,KAJ Roach,44,5,12.4,19,1,13,4,175
836,3/15/2015,McLean Park,United Arab Emirates,West Indies,Amjad Javed,KAJ Roach,44,5,12.5,18,1,13,4,175
836,3/15/2015,McLean Park,United Arab Emirates,West Indies,Amjad Javed,KAJ Roach,44,5,12.6,18,0,13,4,175
836,3/15/2015,McLean Park,United Arab Emirates,West Indies,SP Patil,JO Holder,46,5,13.1,20,0,13,6,175
836,3/15/2015,McLean Park,United Arab Emirates,West Indies,SP Patil,JO Holder,46,5,13.2,20,0,13,6,175
836,3/15/2015,McLean Park,United Arab Emirates,West Indies,SP Patil,JO Holder,46,5,13.3,18,0,13,6,175
836,3/15/2015,McLean Park,United Arab Emirates,West Indies,SP Patil,JO Holder,46,5,13.4,17,0,13,6,175
836,3/15/2015,McLean Park,United Arab Emirates,West Indies,SP Patil,JO Holder,46,6,13.5,17,1,13,6,175
836,3/15/2015,McLean Park,United Arab Emirates,West Indies,Nasir Aziz,JO Holder,47,6,13.6,18,1,13,0,175
836,3/15/2015,McLean Park,United Arab Emirates,West Indies,Nasir Aziz,KAJ Roach,47,6,14.1,18,1,13,0,175
836,3/15/2015,McLean Park,United Arab Emirates,West Indies,Nasir Aziz,KAJ Roach,47,6,14.2,18,1,13,0,175
836,3/15/2015,McLean Park,United Arab Emirates,West Indies,Nasir Aziz,KAJ Roach,49,6,14.3,19,1,13,2,175
836,3/15/2015,McLean Park,United Arab Emirates,West Indies,Nasir Aziz,KAJ Roach,49,6,14.4,19,1,13,2,175
836,3/15/2015,McLean Park,United Arab Emirates,West Indies,Nasir Aziz,KAJ Roach,49,6,14.5,18,1,13,2,175
836,3/15/2015,McLean Park,United Arab Emirates,West Indies,Nasir Aziz,KAJ Roach,49,6,14.6,12,1,13,2,175
836,3/15/2015,McLean Park,United Arab Emirates,West Indies,Amjad Javed,JO Holder,49,6,15.1,11,1,13,2,175
836,3/15/2015,McLean Park,United Arab Emirates,West Indies,Amjad Javed,JO Holder,49,6,15.2,10,1,13,2,175
836,3/15/2015,McLean Park,United Arab Emirates,West Indies,Amjad Javed,JO Holder,50,6,15.3,11,1,14,2,175
836,3/15/2015,McLean Park,United Arab Emirates,West Indies,Nasir Aziz,JO Holder,50,6,15.4,11,1,14,2,175
836,3/15/2015,McLean Park,United Arab Emirates,West Indies,Nasir Aziz,JO Holder,50,6,15.5,10,1,14,2,175
836,3/15/2015,McLean Park,United Arab Emirates,West Indies,Nasir Aziz,JO Holder,50,6,15.6,9,1,14,2,175
836,3/15/2015,McLean Park,United Arab Emirates,West Indies,Amjad Javed,KAJ Roach,52,6,16.1,11,1,16,2,175
836,3/15/2015,McLean Park,United Arab Emirates,West Indies,Amjad Javed,KAJ Roach,56,6,16.2,15,1,20,2,175
836,3/15/2015,McLean Park,United Arab Emirates,West Indies,Amjad Javed,KAJ Roach,56,6,16.3,14,1,20,2,175
836,3/15/2015,McLean Park,United Arab Emirates,West Indies,Amjad Javed,KAJ Roach,56,6,16.4,14,1,20,2,175
836,3/15/2015,McLean Park,United Arab Emirates,West Indies,Amjad Javed,KAJ Roach,56,6,16.5,14,1,20,2,175
836,3/15/2015,McLean Park,United Arab Emirates,West Indies,Amjad Javed,KAJ Roach,56,6,16.6,14,1,20,2,175
836,3/15/2015,McLean Park,United Arab Emirates,West Indies,Nasir Aziz,JO Holder,57,6,17.1,15,1,20,3,175
836,3/15/2015,McLean Park,United Arab Emirates,West Indies,Amjad Javed,JO Holder,57,6,17.2,14,1,20,3,175
836,3/15/2015,McLean Park,United Arab Emirates,West Indies,Amjad Javed,JO Holder,57,6,17.3,14,1,20,3,175
836,3/15/2015,McLean Park,United Arab Emirates,West Indies,Amjad Javed,JO Holder,58,6,17.4,14,1,21,3,175
836,3/15/2015,McLean Park,United Arab Emirates,West Indies,Nasir Aziz,JO Holder,60,6,17.5,16,1,21,5,175
836,3/15/2015,McLean Park,United Arab Emirates,West Indies,Nasir Aziz,JO Holder,60,6,17.6,16,1,21,5,175
836,3/15/2015,McLean Park,United Arab Emirates,West Indies,Amjad Javed,AD Russell,60,6,18.1,14,1,21,5,175
836,3/15/2015,McLean Park,United Arab Emirates,West Indies,Amjad Javed,AD Russell,60,6,18.2,14,1,21,5,175
836,3/15/2015,McLean Park,United Arab Emirates,West Indies,Amjad Javed,AD Russell,61,6,18.3,15,1,22,5,175
836,3/15/2015,McLean Park,United Arab Emirates,West Indies,Nasir Aziz,AD Russell,61,6,18.4,15,1,22,5,175
836,3/15/2015,McLean Park,United Arab Emirates,West Indies,Nasir Aziz,AD Russell,62,6,18.5,16,0,22,6,175
836,3/15/2015,McLean Park,United Arab Emirates,West Indies,Amjad Javed,AD Russell,66,6,18.6,19,0,26,6,175
836,3/15/2015,McLean Park,United Arab Emirates,West Indies,Nasir Aziz,JO Holder,66,6,19.1,19,0,26,6,175
836,3/15/2015,McLean Park,United Arab Emirates,West Indies,Nasir Aziz,JO Holder,67,6,19.2,20,0,26,7,175
836,3/15/2015,McLean Park,United Arab Emirates,West Indies,Amjad Javed,JO Holder,68,6,19.3,19,0,27,7,175
836,3/15/2015,McLean Park,United Arab Emirates,West Indies,Nasir Aziz,JO Holder,72,6,19.4,23,0,27,11,175
836,3/15/2015,McLean Park,United Arab Emirates,West Indies,Nasir Aziz,JO Holder,72,6,19.5,23,0,27,11,175
836,3/15/2015,McLean Park,United Arab Emirates,West Indies,Nasir Aziz,JO Holder,72,6,19.6,23,0,27,11,175
836,3/15/2015,McLean Park,United Arab Emirates,West Indies,Amjad Javed,AD Russell,72,6,20.1,23,0,27,11,175
836,3/15/2015,McLean Park,United Arab Emirates,West Indies,Amjad Javed,AD Russell,72,6,20.2,23,0,27,11,175
836,3/15/2015,McLean Park,United Arab Emirates,West Indies,Amjad Javed,AD Russell,72,6,20.3,22,0,27,11,175
836,3/15/2015,McLean Park,United Arab Emirates,West Indies,Amjad Javed,AD Russell,72,6,20.4,22,0,27,11,175
836,3/15/2015,McLean Park,United Arab Emirates,West Indies,Amjad Javed,AD Russell,72,6,20.5,22,0,27,11,175
836,3/15/2015,McLean Park,United Arab Emirates,West Indies,Amjad Javed,AD Russell,72,6,20.6,22,0,27,11,175
836,3/15/2015,McLean Park,United Arab Emirates,West Indies,Nasir Aziz,KAJ Roach,76,6,21.1,24,0,27,15,175
836,3/15/2015,McLean Park,United Arab Emirates,West Indies,Nasir Aziz,KAJ Roach,76,6,21.2,20,0,27,15,175
836,3/15/2015,McLean Park,United Arab Emirates,West Indies,Nasir Aziz,KAJ Roach,76,6,21.3,20,0,27,15,175
836,3/15/2015,McLean Park,United Arab Emirates,West Indies,Nasir Aziz,KAJ Roach,76,6,21.4,20,0,27,15,175
836,3/15/2015,McLean Park,United Arab Emirates,West Indies,Nasir Aziz,KAJ Roach,76,6,21.5,20,0,27,15,175
836,3/15/2015,McLean Park,United Arab Emirates,West Indies,Nasir Aziz,KAJ Roach,77,6,21.6,21,0,27,16,175
836,3/15/2015,McLean Park,United Arab Emirates,West Indies,Nasir Aziz,AD Russell,77,6,22.1,20,0,27,16,175
836,3/15/2015,McLean Park,United Arab Emirates,West Indies,Nasir Aziz,AD Russell,77,6,22.2,20,0,27,16,175
836,3/15/2015,McLean Park,United Arab Emirates,West Indies,Nasir Aziz,AD Russell,77,6,22.3,20,0,27,16,175
836,3/15/2015,McLean Park,United Arab Emirates,West Indies,Nasir Aziz,AD Russell,77,6,22.4,19,0,27,16,175
836,3/15/2015,McLean Park,United Arab Emirates,West Indies,Nasir Aziz,AD Russell,77,6,22.5,17,0,27,16,175
836,3/15/2015,McLean Park,United Arab Emirates,West Indies,Nasir Aziz,AD Russell,78,6,22.5,18,0,27,16,175
836,3/15/2015,McLean Park,United Arab Emirates,West Indies,Nasir Aziz,AD Russell,79,6,22.6,19,0,27,17,175
836,3/15/2015,McLean Park,United Arab Emirates,West Indies,Nasir Aziz,KAJ Roach,79,6,23.1,19,0,27,17,175
836,3/15/2015,McLean Park,United Arab Emirates,West Indies,Nasir Aziz,KAJ Roach,79,6,23.2,18,0,27,17,175
836,3/15/2015,McLean Park,United Arab Emirates,West Indies,Nasir Aziz,KAJ Roach,83,6,23.3,22,0,27,21,175
836,3/15/2015,McLean Park,United Arab Emirates,West Indies,Nasir Aziz,KAJ Roach,86,6,23.4,24,0,27,24,175
836,3/15/2015,McLean Park,United Arab Emirates,West Indies,Amjad Javed,KAJ Roach,86,6,23.5,20,0,27,24,175
836,3/15/2015,McLean Park,United Arab Emirates,West Indies,Amjad Javed,KAJ Roach,87,6,23.6,21,0,28,24,175
836,3/15/2015,McLean Park,United Arab Emirates,West Indies,Amjad Javed,AD Russell,87,6,24.1,20,0,28,24,175
836,3/15/2015,McLean Park,United Arab Emirates,West Indies,Amjad Javed,AD Russell,87,6,24.2,19,0,28,24,175
836,3/15/2015,McLean Park,United Arab Emirates,West Indies,Amjad Javed,AD Russell,87,6,24.3,15,0,28,24,175
836,3/15/2015,McLean Park,United Arab Emirates,West Indies,Amjad Javed,AD Russell,87,6,24.4,15,0,28,24,175
836,3/15/2015,McLean Park,United Arab Emirates,West Indies,Amjad Javed,AD Russell,87,6,24.5,15,0,28,24,175
836,3/15/2015,McLean Park,United Arab Emirates,West Indies,Amjad Javed,AD Russell,87,6,24.6,15,0,28,24,175
836,3/15/2015,McLean Park,United Arab Emirates,West Indies,Nasir Aziz,KAJ Roach,87,6,25.1,15,0,28,24,175
836,3/15/2015,McLean Park,United Arab Emirates,West Indies,Nasir Aziz,KAJ Roach,87,6,25.2,15,0,28,24,175
836,3/15/2015,McLean Park,United Arab Emirates,West Indies,Nasir Aziz,KAJ Roach,87,6,25.3,15,0,28,24,175
836,3/15/2015,McLean Park,United Arab Emirates,West Indies,Nasir Aziz,KAJ Roach,91,6,25.4,19,0,28,28,175
836,3/15/2015,McLean Park,United Arab Emirates,West Indies,Nasir Aziz,KAJ Roach,91,6,25.5,19,0,28,28,175
836,3/15/2015,McLean Park,United Arab Emirates,West Indies,Nasir Aziz,KAJ Roach,92,6,25.5,16,0,28,28,175
836,3/15/2015,McLean Park,United Arab Emirates,West Indies,Nasir Aziz,KAJ Roach,96,6,25.6,20,0,32,28,175
836,3/15/2015,McLean Park,United Arab Emirates,West Indies,Amjad Javed,JE Taylor,96,6,26.1,20,0,32,28,175
836,3/15/2015,McLean Park,United Arab Emirates,West Indies,Amjad Javed,JE Taylor,100,6,26.2,24,0,32,32,175
836,3/15/2015,McLean Park,United Arab Emirates,West Indies,Amjad Javed,JE Taylor,100,6,26.3,24,0,32,32,175
836,3/15/2015,McLean Park,United Arab Emirates,West Indies,Amjad Javed,JE Taylor,101,6,26.4,24,0,33,32,175
836,3/15/2015,McLean Park,United Arab Emirates,West Indies,Nasir Aziz,JE Taylor,101,6,26.5,24,0,33,32,175
836,3/15/2015,McLean Park,United Arab Emirates,West Indies,Nasir Aziz,JE Taylor,101,6,26.6,24,0,33,32,175
836,3/15/2015,McLean Park,United Arab Emirates,West Indies,Amjad Javed,MN Samuels,101,6,27.1,24,0,33,32,175
836,3/15/2015,McLean Park,United Arab Emirates,West Indies,Amjad Javed,MN Samuels,101,6,27.2,24,0,33,32,175
836,3/15/2015,McLean Park,United Arab Emirates,West Indies,Amjad Javed,MN Samuels,101,6,27.3,24,0,33,32,175
836,3/15/2015,McLean Park,United Arab Emirates,West Indies,Amjad Javed,MN Samuels,101,6,27.4,23,0,33,32,175
836,3/15/2015,McLean Park,United Arab Emirates,West Indies,Amjad Javed,MN Samuels,101,6,27.5,22,0,33,32,175
836,3/15/2015,McLean Park,United Arab Emirates,West Indies,Amjad Javed,MN Samuels,101,6,27.6,22,0,33,32,175
836,3/15/2015,McLean Park,United Arab Emirates,West Indies,Nasir Aziz,JE Taylor,101,6,28.1,22,0,33,32,175
836,3/15/2015,McLean Park,United Arab Emirates,West Indies,Nasir Aziz,JE Taylor,101,6,28.2,18,0,33,32,175
836,3/15/2015,McLean Park,United Arab Emirates,West Indies,Nasir Aziz,JE Taylor,102,6,28.2,16,0,33,32,175
836,3/15/2015,McLean Park,United Arab Emirates,West Indies,Nasir Aziz,JE Taylor,103,6,28.3,17,0,33,33,175
836,3/15/2015,McLean Park,United Arab Emirates,West Indies,Amjad Javed,JE Taylor,103,6,28.4,16,0,33,33,175
836,3/15/2015,McLean Park,United Arab Emirates,West Indies,Amjad Javed,JE Taylor,103,6,28.5,16,0,33,33,175
836,3/15/2015,McLean Park,United Arab Emirates,West Indies,Amjad Javed,JE Taylor,103,6,28.6,16,0,33,33,175
836,3/15/2015,McLean Park,United Arab Emirates,West Indies,Nasir Aziz,MN Samuels,103,6,29.1,16,0,33,33,175
836,3/15/2015,McLean Park,United Arab Emirates,West Indies,Nasir Aziz,MN Samuels,104,6,29.2,17,0,34,33,175
836,3/15/2015,McLean Park,United Arab Emirates,West Indies,Amjad Javed,MN Samuels,105,6,29.3,18,0,34,34,175
836,3/15/2015,McLean Park,United Arab Emirates,West Indies,Nasir Aziz,MN Samuels,105,6,29.4,18,0,34,34,175
836,3/15/2015,McLean Park,United Arab Emirates,West Indies,Nasir Aziz,MN Samuels,105,6,29.5,18,0,34,34,175
836,3/15/2015,McLean Park,United Arab Emirates,West Indies,Nasir Aziz,MN Samuels,108,6,29.6,21,0,37,34,175
836,3/15/2015,McLean Park,United Arab Emirates,West Indies,Nasir Aziz,DJG Sammy,109,6,30.1,22,0,38,34,175
836,3/15/2015,McLean Park,United Arab Emirates,West Indies,Amjad Javed,DJG Sammy,110,6,30.2,19,0,38,35,175
836,3/15/2015,McLean Park,United Arab Emirates,West Indies,Nasir Aziz,DJG Sammy,110,6,30.3,19,0,38,35,175
836,3/15/2015,McLean Park,United Arab Emirates,West Indies,Nasir Aziz,DJG Sammy,110,6,30.4,18,0,38,35,175
836,3/15/2015,McLean Park,United Arab Emirates,West Indies,Nasir Aziz,DJG Sammy,110,6,30.5,14,0,38,35,175
836,3/15/2015,McLean Park,United Arab Emirates,West Indies,Nasir Aziz,DJG Sammy,112,6,30.6,16,0,40,35,175
836,3/15/2015,McLean Park,United Arab Emirates,West Indies,Amjad Javed,MN Samuels,112,6,31.1,12,0,40,35,175
836,3/15/2015,McLean Park,United Arab Emirates,West Indies,Amjad Javed,MN Samuels,112,6,31.2,12,0,40,35,175
836,3/15/2015,McLean Park,United Arab Emirates,West Indies,Amjad Javed,MN Samuels,116,6,31.3,15,0,40,39,175
836,3/15/2015,McLean Park,United Arab Emirates,West Indies,Amjad Javed,MN Samuels,116,6,31.4,15,0,40,39,175
836,3/15/2015,McLean Park,United Arab Emirates,West Indies,Amjad Javed,MN Samuels,116,6,31.5,15,0,40,39,175
836,3/15/2015,McLean Park,United Arab Emirates,West Indies,Amjad Javed,MN Samuels,116,6,31.6,15,0,40,39,175
836,3/15/2015,McLean Park,United Arab Emirates,West Indies,Nasir Aziz,DR Smith,117,6,32.1,16,0,41,39,175
836,3/15/2015,McLean Park,United Arab Emirates,West Indies,Amjad Javed,DR Smith,117,6,32.2,16,0,41,39,175
836,3/15/2015,McLean Park,United Arab Emirates,West Indies,Amjad Javed,DR Smith,117,6,32.3,16,0,41,39,175
836,3/15/2015,McLean Park,United Arab Emirates,West Indies,Amjad Javed,DR Smith,117,6,32.4,16,0,41,39,175
836,3/15/2015,McLean Park,United Arab Emirates,West Indies,Amjad Javed,DR Smith,118,6,32.5,17,0,41,40,175
836,3/15/2015,McLean Park,United Arab Emirates,West Indies,Nasir Aziz,DR Smith,118,6,32.6,17,0,41,40,175
836,3/15/2015,McLean Park,United Arab Emirates,West Indies,Amjad Javed,MN Samuels,118,6,33.1,17,0,41,40,175
836,3/15/2015,McLean Park,United Arab Emirates,West Indies,Amjad Javed,MN Samuels,118,6,33.2,16,0,41,40,175
836,3/15/2015,McLean Park,United Arab Emirates,West Indies,Amjad Javed,MN Samuels,118,6,33.3,15,0,41,40,175
836,3/15/2015,McLean Park,United Arab Emirates,West Indies,Amjad Javed,MN Samuels,118,6,33.4,15,0,41,40,175
836,3/15/2015,McLean Park,United Arab Emirates,West Indies,Amjad Javed,MN Samuels,118,6,33.5,15,0,41,40,175
836,3/15/2015,McLean Park,United Arab Emirates,West Indies,Amjad Javed,MN Samuels,118,6,33.6,15,0,41,40,175
836,3/15/2015,McLean Park,United Arab Emirates,West Indies,Nasir Aziz,DR Smith,119,6,34.1,16,0,42,40,175
836,3/15/2015,McLean Park,United Arab Emirates,West Indies,Amjad Javed,DR Smith,119,6,34.2,15,0,42,40,175
836,3/15/2015,McLean Park,United Arab Emirates,West Indies,Amjad Javed,DR Smith,119,6,34.3,14,0,42,40,175
836,3/15/2015,McLean Park,United Arab Emirates,West Indies,Amjad Javed,DR Smith,119,6,34.4,14,0,42,40,175
836,3/15/2015,McLean Park,United Arab Emirates,West Indies,Amjad Javed,DR Smith,120,6,34.5,15,0,42,41,175
836,3/15/2015,McLean Park,United Arab Emirates,West Indies,Nasir Aziz,DR Smith,121,6,34.6,13,0,43,41,175
836,3/15/2015,McLean Park,United Arab Emirates,West Indies,Nasir Aziz,MN Samuels,121,6,35.1,12,0,43,41,175
836,3/15/2015,McLean Park,United Arab Emirates,West Indies,Nasir Aziz,MN Samuels,121,6,35.2,11,0,43,41,175
836,3/15/2015,McLean Park,United Arab Emirates,West Indies,Nasir Aziz,MN Samuels,121,6,35.3,11,0,43,41,175
836,3/15/2015,McLean Park,United Arab Emirates,West Indies,Nasir Aziz,MN Samuels,121,6,35.4,11,0,43,41,175
836,3/15/2015,McLean Park,United Arab Emirates,West Indies,Nasir Aziz,MN Samuels,125,6,35.5,15,0,47,41,175
836,3/15/2015,McLean Park,United Arab Emirates,West Indies,Nasir Aziz,MN Samuels,125,6,35.6,13,0,47,41,175
836,3/15/2015,McLean Park,United Arab Emirates,West Indies,Amjad Javed,KAJ Roach,129,6,36.1,17,0,47,45,175
836,3/15/2015,McLean Park,United Arab Emirates,West Indies,Amjad Javed,KAJ Roach,130,6,36.2,18,0,47,46,175
836,3/15/2015,McLean Park,United Arab Emirates,West Indies,Nasir Aziz,KAJ Roach,130,6,36.3,14,0,47,46,175
836,3/15/2015,McLean Park,United Arab Emirates,West Indies,Nasir Aziz,KAJ Roach,132,6,36.4,16,0,49,46,175
836,3/15/2015,McLean Park,United Arab Emirates,West Indies,Nasir Aziz,KAJ Roach,133,6,36.5,17,0,50,46,175
836,3/15/2015,McLean Park,United Arab Emirates,West Indies,Amjad Javed,KAJ Roach,133,6,36.6,17,0,50,46,175
836,3/15/2015,McLean Park,United Arab Emirates,West Indies,Nasir Aziz,MN Samuels,133,6,37.1,16,0,50,46,175
836,3/15/2015,McLean Park,United Arab Emirates,West Indies,Nasir Aziz,MN Samuels,133,6,37.2,16,0,50,46,175
836,3/15/2015,McLean Park,United Arab Emirates,West Indies,Nasir Aziz,MN Samuels,133,6,37.3,16,0,50,46,175
836,3/15/2015,McLean Park,United Arab Emirates,West Indies,Nasir Aziz,MN Samuels,133,6,37.4,16,0,50,46,175
836,3/15/2015,McLean Park,United Arab Emirates,West Indies,Nasir Aziz,MN Samuels,133,6,37.5,15,0,50,46,175
836,3/15/2015,McLean Park,United Arab Emirates,West Indies,Nasir Aziz,MN Samuels,133,6,37.6,15,0,50,46,175
836,3/15/2015,McLean Park,United Arab Emirates,West Indies,Amjad Javed,KAJ Roach,134,6,38.1,16,0,50,47,175
836,3/15/2015,McLean Park,United Arab Emirates,West Indies,Nasir Aziz,KAJ Roach,138,6,38.2,20,0,54,47,175
836,3/15/2015,McLean Park,United Arab Emirates,West Indies,Nasir Aziz,KAJ Roach,142,6,38.3,24,0,58,47,175
836,3/15/2015,McLean Park,United Arab Emirates,West Indies,Nasir Aziz,KAJ Roach,143,6,38.4,25,0,59,47,175
836,3/15/2015,McLean Park,United Arab Emirates,West Indies,Amjad Javed,KAJ Roach,147,6,38.5,29,0,59,51,175
836,3/15/2015,McLean Park,United Arab Emirates,West Indies,Amjad Javed,KAJ Roach,148,6,38.6,30,0,59,52,175
836,3/15/2015,McLean Park,United Arab Emirates,West Indies,Amjad Javed,MN Samuels,152,6,39.1,33,0,59,56,175
836,3/15/2015,McLean Park,United Arab Emirates,West Indies,Amjad Javed,MN Samuels,152,6,39.2,33,0,59,56,175
836,3/15/2015,McLean Park,United Arab Emirates,West Indies,Amjad Javed,MN Samuels,152,6,39.3,33,0,59,56,175
836,3/15/2015,McLean Park,United Arab Emirates,West Indies,Amjad Javed,MN Samuels,152,6,39.4,33,0,59,56,175
836,3/15/2015,McLean Park,United Arab Emirates,West Indies,Amjad Javed,MN Samuels,152,6,39.5,32,0,59,56,175
836,3/15/2015,McLean Park,United Arab Emirates,West Indies,Amjad Javed,MN Samuels,152,6,39.6,31,0,59,56,175
836,3/15/2015,McLean Park,United Arab Emirates,West Indies,Nasir Aziz,AD Russell,152,6,40.1,31,0,59,56,175
836,3/15/2015,McLean Park,United Arab Emirates,West Indies,Nasir Aziz,AD Russell,153,6,40.2,32,0,60,56,175
836,3/15/2015,McLean Park,United Arab Emirates,West Indies,Amjad Javed,AD Russell,153,7,40.3,32,1,60,56,175
836,3/15/2015,McLean Park,United Arab Emirates,West Indies,Mohammad Naveed,AD Russell,153,7,40.4,32,1,60,0,175
836,3/15/2015,McLean Park,United Arab Emirates,West Indies,Mohammad Naveed,AD Russell,159,7,40.5,34,1,60,6,175
836,3/15/2015,McLean Park,United Arab Emirates,West Indies,Mohammad Naveed,AD Russell,160,7,40.6,35,1,60,7,175
836,3/15/2015,McLean Park,United Arab Emirates,West Indies,Mohammad Naveed,MN Samuels,162,7,41.1,33,1,60,9,175
836,3/15/2015,McLean Park,United Arab Emirates,West Indies,Mohammad Naveed,MN Samuels,166,7,41.2,36,1,60,13,175
836,3/15/2015,McLean Park,United Arab Emirates,West Indies,Mohammad Naveed,MN Samuels,166,7,41.3,36,1,60,13,175
836,3/15/2015,McLean Park,United Arab Emirates,West Indies,Mohammad Naveed,MN Samuels,166,7,41.4,34,1,60,13,175
836,3/15/2015,McLean Park,United Arab Emirates,West Indies,Mohammad Naveed,MN Samuels,167,7,41.5,34,1,60,14,175
836,3/15/2015,McLean Park,United Arab Emirates,West Indies,Nasir Aziz,MN Samuels,167,7,41.6,34,1,60,14,175
836,3/15/2015,McLean Park,United Arab Emirates,West Indies,Mohammad Naveed,AD Russell,167,8,42.1,34,2,60,14,175
836,3/15/2015,McLean Park,United Arab Emirates,West Indies,Mohammad Tauqir,AD Russell,167,8,42.2,34,2,60,0,175
836,3/15/2015,McLean Park,United Arab Emirates,West Indies,Mohammad Tauqir,AD Russell,167,8,42.3,34,2,60,0,175
836,3/15/2015,McLean Park,United Arab Emirates,West Indies,Mohammad Tauqir,AD Russell,167,8,42.4,34,2,60,0,175
836,3/15/2015,McLean Park,United Arab Emirates,West Indies,Mohammad Tauqir,AD Russell,167,8,42.5,34,2,60,0,175
836,3/15/2015,McLean Park,United Arab Emirates,West Indies,Mohammad Tauqir,AD Russell,167,8,42.6,34,2,60,0,175
836,3/15/2015,McLean Park,United Arab Emirates,West Indies,Nasir Aziz,MN Samuels,167,8,43.1,33,2,60,0,175
836,3/15/2015,McLean Park,United Arab Emirates,West Indies,Nasir Aziz,MN Samuels,167,8,43.2,29,2,60,0,175
836,3/15/2015,McLean Park,United Arab Emirates,West Indies,Nasir Aziz,MN Samuels,167,8,43.3,25,2,60,0,175
836,3/15/2015,McLean Park,United Arab Emirates,West Indies,Nasir Aziz,MN Samuels,167,9,43.4,24,3,60,0,175
836,3/15/2015,McLean Park,United Arab Emirates,West Indies,AM Guruge,MN Samuels,168,9,43.5,21,3,1,0,175
836,3/15/2015,McLean Park,United Arab Emirates,West Indies,Mohammad Tauqir,MN Samuels,168,9,43.6,20,3,1,0,175
836,3/15/2015,McLean Park,United Arab Emirates,West Indies,AM Guruge,AD Russell,169,9,44.1,17,3,2,0,175
836,3/15/2015,McLean Park,United Arab Emirates,West Indies,Mohammad Tauqir,AD Russell,169,9,44.2,17,3,2,0,175
836,3/15/2015,McLean Park,United Arab Emirates,West Indies,Mohammad Tauqir,AD Russell,169,9,44.3,17,3,2,0,175
836,3/15/2015,McLean Park,United Arab Emirates,West Indies,Mohammad Tauqir,AD Russell,170,9,44.4,18,3,2,1,175
836,3/15/2015,McLean Park,United Arab Emirates,West Indies,AM Guruge,AD Russell,170,9,44.5,18,3,2,1,175
836,3/15/2015,McLean Park,United Arab Emirates,West Indies,AM Guruge,AD Russell,170,9,44.6,18,3,2,1,175
836,3/15/2015,McLean Park,United Arab Emirates,West Indies,Mohammad Tauqir,MN Samuels,170,9,45.1,18,3,2,1,175
836,3/15/2015,McLean Park,United Arab Emirates,West Indies,Mohammad Tauqir,MN Samuels,170,9,45.2,17,3,2,1,175
836,3/15/2015,McLean Park,United Arab Emirates,West Indies,Mohammad Tauqir,MN Samuels,170,9,45.3,17,2,2,1,175
836,3/15/2015,McLean Park,United Arab Emirates,West Indies,Mohammad Tauqir,MN Samuels,170,9,45.4,17,2,2,1,175
836,3/15/2015,McLean Park,United Arab Emirates,West Indies,Mohammad Tauqir,MN Samuels,170,9,45.5,11,2,2,1,175
836,3/15/2015,McLean Park,United Arab Emirates,West Indies,Mohammad Tauqir,MN Samuels,170,9,45.6,10,2,2,1,175
836,3/15/2015,McLean Park,United Arab Emirates,West Indies,AM Guruge,AD Russell,170,9,46.1,8,2,2,1,175
836,3/15/2015,McLean Park,United Arab Emirates,West Indies,AM Guruge,AD Russell,170,9,46.2,4,2,2,1,175
836,3/15/2015,McLean Park,United Arab Emirates,West Indies,AM Guruge,AD Russell,170,9,46.3,4,2,2,1,175
836,3/15/2015,McLean Park,United Arab Emirates,West Indies,AM Guruge,AD Russell,171,9,46.4,5,2,3,1,175
836,3/15/2015,McLean Park,United Arab Emirates,West Indies,Mohammad Tauqir,AD Russell,172,9,46.4,5,2,3,1,175
836,3/15/2015,McLean Park,United Arab Emirates,West Indies,Mohammad Tauqir,AD Russell,173,9,46.5,6,2,3,1,175
836,3/15/2015,McLean Park,United Arab Emirates,West Indies,AM Guruge,AD Russell,173,9,46.6,6,1,3,1,175
836,3/15/2015,McLean Park,United Arab Emirates,West Indies,Mohammad Tauqir,JE Taylor,173,9,47.1,6,1,3,1,175
836,3/15/2015,McLean Park,United Arab Emirates,West Indies,Mohammad Tauqir,JE Taylor,174,9,47.2,7,1,3,2,175
836,3/15/2015,McLean Park,United Arab Emirates,West Indies,AM Guruge,JE Taylor,175,9,47.3,8,1,4,2,175
836,3/15/2015,McLean Park,United Arab Emirates,West Indies,Mohammad Tauqir,JE Taylor,175,10,47.4,8,2,4,2,175
837,3/15/2015,Adelaide Oval,Ireland,Pakistan,WTS Porterfield,Sohail Khan,0,0,0.1,0,0,0,0,237
837,3/15/2015,Adelaide Oval,Ireland,Pakistan,WTS Porterfield,Sohail Khan,0,0,0.2,0,0,0,0,237
837,3/15/2015,Adelaide Oval,Ireland,Pakistan,WTS Porterfield,Sohail Khan,0,0,0.3,0,0,0,0,237
837,3/15/2015,Adelaide Oval,Ireland,Pakistan,WTS Porterfield,Sohail Khan,0,0,0.4,0,0,0,0,237
837,3/15/2015,Adelaide Oval,Ireland,Pakistan,WTS Porterfield,Sohail Khan,1,0,0.5,1,0,1,0,237
837,3/15/2015,Adelaide Oval,Ireland,Pakistan,PR Stirling,Sohail Khan,1,0,0.6,1,0,1,0,237
837,3/15/2015,Adelaide Oval,Ireland,Pakistan,WTS Porterfield,Ehsan Adil,1,0,1.1,1,0,1,0,237
837,3/15/2015,Adelaide Oval,Ireland,Pakistan,WTS Porterfield,Ehsan Adil,1,0,1.2,1,0,1,0,237
837,3/15/2015,Adelaide Oval,Ireland,Pakistan,WTS Porterfield,Ehsan Adil,2,0,1.2,2,0,1,0,237
837,3/15/2015,Adelaide Oval,Ireland,Pakistan,WTS Porterfield,Ehsan Adil,6,0,1.3,6,0,5,0,237
837,3/15/2015,Adelaide Oval,Ireland,Pakistan,WTS Porterfield,Ehsan Adil,6,0,1.4,6,0,5,0,237
837,3/15/2015,Adelaide Oval,Ireland,Pakistan,WTS Porterfield,Ehsan Adil,8,0,1.5,8,0,7,0,237
837,3/15/2015,Adelaide Oval,Ireland,Pakistan,WTS Porterfield,Ehsan Adil,8,0,1.6,8,0,7,0,237
837,3/15/2015,Adelaide Oval,Ireland,Pakistan,PR Stirling,Sohail Khan,8,0,2.1,8,0,7,0,237
837,3/15/2015,Adelaide Oval,Ireland,Pakistan,PR Stirling,Sohail Khan,10,0,2.2,10,0,7,2,237
837,3/15/2015,Adelaide Oval,Ireland,Pakistan,PR Stirling,Sohail Khan,10,0,2.3,10,0,7,2,237
837,3/15/2015,Adelaide Oval,Ireland,Pakistan,PR Stirling,Sohail Khan,11,0,2.4,11,0,7,3,237
837,3/15/2015,Adelaide Oval,Ireland,Pakistan,WTS Porterfield,Sohail Khan,11,0,2.5,11,0,7,3,237
837,3/15/2015,Adelaide Oval,Ireland,Pakistan,WTS Porterfield,Sohail Khan,11,0,2.6,11,0,7,3,237
837,3/15/2015,Adelaide Oval,Ireland,Pakistan,PR Stirling,Ehsan Adil,11,0,3.1,11,0,7,3,237
837,3/15/2015,Adelaide Oval,Ireland,Pakistan,PR Stirling,Ehsan Adil,11,0,3.2,11,0,7,3,237
837,3/15/2015,Adelaide Oval,Ireland,Pakistan,PR Stirling,Ehsan Adil,11,1,3.3,11,1,7,3,237
837,3/15/2015,Adelaide Oval,Ireland,Pakistan,EC Joyce,Ehsan Adil,11,1,3.4,11,1,7,0,237
837,3/15/2015,Adelaide Oval,Ireland,Pakistan,EC Joyce,Ehsan Adil,11,1,3.5,11,1,7,0,237
837,3/15/2015,Adelaide Oval,Ireland,Pakistan,EC Joyce,Ehsan Adil,15,1,3.6,15,1,7,4,237
837,3/15/2015,Adelaide Oval,Ireland,Pakistan,WTS Porterfield,Sohail Khan,15,1,4.1,15,1,7,4,237
837,3/15/2015,Adelaide Oval,Ireland,Pakistan,WTS Porterfield,Sohail Khan,15,1,4.2,15,1,7,4,237
837,3/15/2015,Adelaide Oval,Ireland,Pakistan,WTS Porterfield,Sohail Khan,15,1,4.3,15,1,7,4,237
837,3/15/2015,Adelaide Oval,Ireland,Pakistan,WTS Porterfield,Sohail Khan,16,1,4.4,16,1,8,4,237
837,3/15/2015,Adelaide Oval,Ireland,Pakistan,EC Joyce,Sohail Khan,16,1,4.5,16,1,8,4,237
837,3/15/2015,Adelaide Oval,Ireland,Pakistan,EC Joyce,Sohail Khan,16,1,4.6,16,1,8,4,237
837,3/15/2015,Adelaide Oval,Ireland,Pakistan,WTS Porterfield,Ehsan Adil,16,1,5.1,16,1,8,4,237
837,3/15/2015,Adelaide Oval,Ireland,Pakistan,WTS Porterfield,Ehsan Adil,16,1,5.2,16,1,8,4,237
837,3/15/2015,Adelaide Oval,Ireland,Pakistan,WTS Porterfield,Ehsan Adil,16,1,5.3,16,1,8,4,237
837,3/15/2015,Adelaide Oval,Ireland,Pakistan,WTS Porterfield,Ehsan Adil,16,1,5.4,15,1,8,4,237
837,3/15/2015,Adelaide Oval,Ireland,Pakistan,WTS Porterfield,Ehsan Adil,18,1,5.5,17,1,10,4,237
837,3/15/2015,Adelaide Oval,Ireland,Pakistan,WTS Porterfield,Ehsan Adil,22,1,5.6,21,1,14,4,237
837,3/15/2015,Adelaide Oval,Ireland,Pakistan,EC Joyce,Sohail Khan,23,1,6.1,22,1,14,5,237
837,3/15/2015,Adelaide Oval,Ireland,Pakistan,WTS Porterfield,Sohail Khan,23,1,6.2,21,1,14,5,237
837,3/15/2015,Adelaide Oval,Ireland,Pakistan,WTS Porterfield,Sohail Khan,23,1,6.3,17,1,14,5,237
837,3/15/2015,Adelaide Oval,Ireland,Pakistan,WTS Porterfield,Sohail Khan,29,1,6.4,23,1,20,5,237
837,3/15/2015,Adelaide Oval,Ireland,Pakistan,WTS Porterfield,Sohail Khan,29,1,6.5,21,1,20,5,237
837,3/15/2015,Adelaide Oval,Ireland,Pakistan,WTS Porterfield,Sohail Khan,29,1,6.6,21,1,20,5,237
837,3/15/2015,Adelaide Oval,Ireland,Pakistan,EC Joyce,Rahat Ali,29,1,7.1,21,1,20,5,237
837,3/15/2015,Adelaide Oval,Ireland,Pakistan,EC Joyce,Rahat Ali,30,1,7.2,20,1,20,6,237
837,3/15/2015,Adelaide Oval,Ireland,Pakistan,WTS Porterfield,Rahat Ali,30,1,7.3,20,1,20,6,237
837,3/15/2015,Adelaide Oval,Ireland,Pakistan,WTS Porterfield,Rahat Ali,30,1,7.4,19,1,20,6,237
837,3/15/2015,Adelaide Oval,Ireland,Pakistan,WTS Porterfield,Rahat Ali,34,1,7.5,23,1,24,6,237
837,3/15/2015,Adelaide Oval,Ireland,Pakistan,WTS Porterfield,Rahat Ali,35,1,7.6,24,1,25,6,237
837,3/15/2015,Adelaide Oval,Ireland,Pakistan,WTS Porterfield,Wahab Riaz,36,1,8,25,1,25,6,237
837,3/15/2015,Adelaide Oval,Ireland,Pakistan,WTS Porterfield,Wahab Riaz,36,1,8.1,25,1,25,6,237
837,3/15/2015,Adelaide Oval,Ireland,Pakistan,WTS Porterfield,Wahab Riaz,40,1,8.2,29,0,29,6,237
837,3/15/2015,Adelaide Oval,Ireland,Pakistan,WTS Porterfield,Wahab Riaz,44,1,8.3,33,0,33,6,237
837,3/15/2015,Adelaide Oval,Ireland,Pakistan,WTS Porterfield,Wahab Riaz,45,1,8.4,34,0,34,6,237
837,3/15/2015,Adelaide Oval,Ireland,Pakistan,EC Joyce,Wahab Riaz,46,1,8.5,31,0,34,7,237
837,3/15/2015,Adelaide Oval,Ireland,Pakistan,WTS Porterfield,Wahab Riaz,46,1,8.6,31,0,34,7,237
837,3/15/2015,Adelaide Oval,Ireland,Pakistan,EC Joyce,Rahat Ali,46,1,9.1,31,0,34,7,237
837,3/15/2015,Adelaide Oval,Ireland,Pakistan,EC Joyce,Rahat Ali,47,1,9.2,32,0,34,8,237
837,3/15/2015,Adelaide Oval,Ireland,Pakistan,WTS Porterfield,Rahat Ali,47,1,9.3,31,0,34,8,237
837,3/15/2015,Adelaide Oval,Ireland,Pakistan,WTS Porterfield,Rahat Ali,47,1,9.4,31,0,34,8,237
837,3/15/2015,Adelaide Oval,Ireland,Pakistan,WTS Porterfield,Rahat Ali,47,1,9.5,31,0,34,8,237
837,3/15/2015,Adelaide Oval,Ireland,Pakistan,WTS Porterfield,Rahat Ali,47,1,9.6,31,0,34,8,237
837,3/15/2015,Adelaide Oval,Ireland,Pakistan,EC Joyce,Wahab Riaz,48,1,10.1,32,0,34,9,237
837,3/15/2015,Adelaide Oval,Ireland,Pakistan,WTS Porterfield,Wahab Riaz,49,1,10.2,33,0,35,9,237
837,3/15/2015,Adelaide Oval,Ireland,Pakistan,EC Joyce,Wahab Riaz,50,1,10.2,34,0,35,9,237
837,3/15/2015,Adelaide Oval,Ireland,Pakistan,EC Joyce,Wahab Riaz,51,1,10.3,33,0,35,10,237
837,3/15/2015,Adelaide Oval,Ireland,Pakistan,WTS Porterfield,Wahab Riaz,51,1,10.4,29,0,35,10,237
837,3/15/2015,Adelaide Oval,Ireland,Pakistan,WTS Porterfield,Wahab Riaz,51,1,10.5,28,0,35,10,237
837,3/15/2015,Adelaide Oval,Ireland,Pakistan,WTS Porterfield,Wahab Riaz,51,1,10.6,28,0,35,10,237
837,3/15/2015,Adelaide Oval,Ireland,Pakistan,EC Joyce,Rahat Ali,51,1,11.1,28,0,35,10,237
837,3/15/2015,Adelaide Oval,Ireland,Pakistan,EC Joyce,Rahat Ali,51,1,11.2,22,0,35,10,237
837,3/15/2015,Adelaide Oval,Ireland,Pakistan,EC Joyce,Rahat Ali,51,1,11.3,22,0,35,10,237
837,3/15/2015,Adelaide Oval,Ireland,Pakistan,EC Joyce,Rahat Ali,52,1,11.4,23,0,35,11,237
837,3/15/2015,Adelaide Oval,Ireland,Pakistan,WTS Porterfield,Rahat Ali,52,1,11.5,23,0,35,11,237
837,3/15/2015,Adelaide Oval,Ireland,Pakistan,WTS Porterfield,Rahat Ali,53,1,11.6,23,0,36,11,237
837,3/15/2015,Adelaide Oval,Ireland,Pakistan,WTS Porterfield,Wahab Riaz,55,1,12.1,25,0,38,11,237
837,3/15/2015,Adelaide Oval,Ireland,Pakistan,WTS Porterfield,Wahab Riaz,56,1,12.2,26,0,39,11,237
837,3/15/2015,Adelaide Oval,Ireland,Pakistan,EC Joyce,Wahab Riaz,56,2,12.3,22,1,39,11,237
837,3/15/2015,Adelaide Oval,Ireland,Pakistan,NJ O'Brien,Wahab Riaz,58,2,12.4,23,1,39,2,237
837,3/15/2015,Adelaide Oval,Ireland,Pakistan,NJ O'Brien,Wahab Riaz,62,2,12.5,26,1,39,6,237
837,3/15/2015,Adelaide Oval,Ireland,Pakistan,NJ O'Brien,Wahab Riaz,62,2,12.6,26,1,39,6,237
837,3/15/2015,Adelaide Oval,Ireland,Pakistan,WTS Porterfield,Rahat Ali,62,2,13.1,22,1,39,6,237
837,3/15/2015,Adelaide Oval,Ireland,Pakistan,WTS Porterfield,Rahat Ali,64,2,13.2,20,1,41,6,237
837,3/15/2015,Adelaide Oval,Ireland,Pakistan,WTS Porterfield,Rahat Ali,64,2,13.3,19,1,41,6,237
837,3/15/2015,Adelaide Oval,Ireland,Pakistan,WTS Porterfield,Rahat Ali,65,2,13.3,19,1,41,6,237
837,3/15/2015,Adelaide Oval,Ireland,Pakistan,WTS Porterfield,Rahat Ali,65,2,13.4,19,1,41,6,237
837,3/15/2015,Adelaide Oval,Ireland,Pakistan,WTS Porterfield,Rahat Ali,67,2,13.5,21,1,43,6,237
837,3/15/2015,Adelaide Oval,Ireland,Pakistan,WTS Porterfield,Rahat Ali,71,2,13.6,24,1,47,6,237
837,3/15/2015,Adelaide Oval,Ireland,Pakistan,NJ O'Brien,Wahab Riaz,71,2,14.1,24,1,47,6,237
837,3/15/2015,Adelaide Oval,Ireland,Pakistan,NJ O'Brien,Wahab Riaz,71,2,14.2,24,1,47,6,237
837,3/15/2015,Adelaide Oval,Ireland,Pakistan,NJ O'Brien,Wahab Riaz,75,2,14.3,28,1,47,10,237
837,3/15/2015,Adelaide Oval,Ireland,Pakistan,NJ O'Brien,Wahab Riaz,76,2,14.3,29,1,47,10,237
837,3/15/2015,Adelaide Oval,Ireland,Pakistan,NJ O'Brien,Wahab Riaz,77,2,14.4,29,1,47,11,237
837,3/15/2015,Adelaide Oval,Ireland,Pakistan,WTS Porterfield,Wahab Riaz,78,2,14.5,29,1,48,11,237
837,3/15/2015,Adelaide Oval,Ireland,Pakistan,NJ O'Brien,Wahab Riaz,78,2,14.6,28,1,48,11,237
837,3/15/2015,Adelaide Oval,Ireland,Pakistan,WTS Porterfield,Shahid Afridi,79,2,15.1,28,1,49,11,237
837,3/15/2015,Adelaide Oval,Ireland,Pakistan,NJ O'Brien,Shahid Afridi,80,2,15.2,29,1,49,12,237
837,3/15/2015,Adelaide Oval,Ireland,Pakistan,WTS Porterfield,Shahid Afridi,80,2,15.3,29,1,49,12,237
837,3/15/2015,Adelaide Oval,Ireland,Pakistan,WTS Porterfield,Shahid Afridi,84,2,15.4,33,1,53,12,237
837,3/15/2015,Adelaide Oval,Ireland,Pakistan,WTS Porterfield,Shahid Afridi,84,2,15.5,33,1,53,12,237
837,3/15/2015,Adelaide Oval,Ireland,Pakistan,WTS Porterfield,Shahid Afridi,85,2,15.6,34,1,54,12,237
837,3/15/2015,Adelaide Oval,Ireland,Pakistan,WTS Porterfield,Rahat Ali,85,2,16.1,34,1,54,12,237
837,3/15/2015,Adelaide Oval,Ireland,Pakistan,WTS Porterfield,Rahat Ali,85,2,16.2,33,1,54,12,237
837,3/15/2015,Adelaide Oval,Ireland,Pakistan,WTS Porterfield,Rahat Ali,86,2,16.3,34,1,55,12,237
837,3/15/2015,Adelaide Oval,Ireland,Pakistan,NJ O'Brien,Rahat Ali,86,3,16.4,33,2,55,12,237
837,3/15/2015,Adelaide Oval,Ireland,Pakistan,A Balbirnie,Rahat Ali,86,3,16.5,31,2,55,0,237
837,3/15/2015,Adelaide Oval,Ireland,Pakistan,A Balbirnie,Rahat Ali,88,3,16.6,32,2,55,2,237
837,3/15/2015,Adelaide Oval,Ireland,Pakistan,WTS Porterfield,Shahid Afridi,89,3,17.1,33,1,56,2,237
837,3/15/2015,Adelaide Oval,Ireland,Pakistan,A Balbirnie,Shahid Afridi,89,3,17.2,31,1,56,2,237
837,3/15/2015,Adelaide Oval,Ireland,Pakistan,A Balbirnie,Shahid Afridi,90,3,17.3,28,1,56,3,237
837,3/15/2015,Adelaide Oval,Ireland,Pakistan,WTS Porterfield,Shahid Afridi,91,3,17.4,29,1,57,3,237
837,3/15/2015,Adelaide Oval,Ireland,Pakistan,A Balbirnie,Shahid Afridi,91,3,17.5,29,1,57,3,237
837,3/15/2015,Adelaide Oval,Ireland,Pakistan,A Balbirnie,Shahid Afridi,91,3,17.6,27,1,57,3,237
837,3/15/2015,Adelaide Oval,Ireland,Pakistan,WTS Porterfield,Rahat Ali,95,3,18.1,31,1,61,3,237
837,3/15/2015,Adelaide Oval,Ireland,Pakistan,WTS Porterfield,Rahat Ali,95,3,18.2,30,1,61,3,237
837,3/15/2015,Adelaide Oval,Ireland,Pakistan,WTS Porterfield,Rahat Ali,95,3,18.3,30,1,61,3,237
837,3/15/2015,Adelaide Oval,Ireland,Pakistan,WTS Porterfield,Rahat Ali,95,3,18.4,28,1,61,3,237
837,3/15/2015,Adelaide Oval,Ireland,Pakistan,WTS Porterfield,Rahat Ali,95,3,18.5,24,1,61,3,237
837,3/15/2015,Adelaide Oval,Ireland,Pakistan,WTS Porterfield,Rahat Ali,95,3,18.6,24,1,61,3,237
837,3/15/2015,Adelaide Oval,Ireland,Pakistan,A Balbirnie,Shahid Afridi,95,3,19.1,24,1,61,3,237
837,3/15/2015,Adelaide Oval,Ireland,Pakistan,A Balbirnie,Shahid Afridi,95,3,19.2,20,1,61,3,237
837,3/15/2015,Adelaide Oval,Ireland,Pakistan,A Balbirnie,Shahid Afridi,96,3,19.3,20,1,61,4,237
837,3/15/2015,Adelaide Oval,Ireland,Pakistan,WTS Porterfield,Shahid Afridi,96,3,19.4,19,1,61,4,237
837,3/15/2015,Adelaide Oval,Ireland,Pakistan,WTS Porterfield,Shahid Afridi,96,3,19.5,18,1,61,4,237
837,3/15/2015,Adelaide Oval,Ireland,Pakistan,WTS Porterfield,Shahid Afridi,96,3,19.6,18,1,61,4,237
837,3/15/2015,Adelaide Oval,Ireland,Pakistan,A Balbirnie,Ehsan Adil,97,3,20.1,18,1,61,5,237
837,3/15/2015,Adelaide Oval,Ireland,Pakistan,WTS Porterfield,Ehsan Adil,98,3,20.2,18,1,62,5,237
837,3/15/2015,Adelaide Oval,Ireland,Pakistan,A Balbirnie,Ehsan Adil,98,3,20.3,18,1,62,5,237
837,3/15/2015,Adelaide Oval,Ireland,Pakistan,A Balbirnie,Ehsan Adil,98,3,20.4,14,1,62,5,237
837,3/15/2015,Adelaide Oval,Ireland,Pakistan,A Balbirnie,Ehsan Adil,98,3,20.5,14,1,62,5,237
837,3/15/2015,Adelaide Oval,Ireland,Pakistan,A Balbirnie,Ehsan Adil,98,3,20.6,13,1,62,5,237
837,3/15/2015,Adelaide Oval,Ireland,Pakistan,WTS Porterfield,Shahid Afridi,100,3,21.1,15,1,64,5,237
837,3/15/2015,Adelaide Oval,Ireland,Pakistan,WTS Porterfield,Shahid Afridi,101,3,21.2,16,1,65,5,237
837,3/15/2015,Adelaide Oval,Ireland,Pakistan,A Balbirnie,Shahid Afridi,101,3,21.3,15,1,65,5,237
837,3/15/2015,Adelaide Oval,Ireland,Pakistan,A Balbirnie,Shahid Afridi,102,3,21.4,16,0,65,6,237
837,3/15/2015,Adelaide Oval,Ireland,Pakistan,WTS Porterfield,Shahid Afridi,102,3,21.5,16,0,65,6,237
837,3/15/2015,Adelaide Oval,Ireland,Pakistan,WTS Porterfield,Shahid Afridi,102,3,21.6,14,0,65,6,237
837,3/15/2015,Adelaide Oval,Ireland,Pakistan,A Balbirnie,Ehsan Adil,102,3,22.1,13,0,65,6,237
837,3/15/2015,Adelaide Oval,Ireland,Pakistan,A Balbirnie,Ehsan Adil,103,3,22.2,14,0,65,7,237
837,3/15/2015,Adelaide Oval,Ireland,Pakistan,WTS Porterfield,Ehsan Adil,105,3,22.3,15,0,67,7,237
837,3/15/2015,Adelaide Oval,Ireland,Pakistan,WTS Porterfield,Ehsan Adil,105,3,22.4,14,0,67,7,237
837,3/15/2015,Adelaide Oval,Ireland,Pakistan,WTS Porterfield,Ehsan Adil,105,3,22.5,14,0,67,7,237
837,3/15/2015,Adelaide Oval,Ireland,Pakistan,WTS Porterfield,Ehsan Adil,106,3,22.6,15,0,68,7,237
837,3/15/2015,Adelaide Oval,Ireland,Pakistan,WTS Porterfield,Shahid Afridi,107,3,23.1,12,0,69,7,237
837,3/15/2015,Adelaide Oval,Ireland,Pakistan,A Balbirnie,Shahid Afridi,107,3,23.2,12,0,69,7,237
837,3/15/2015,Adelaide Oval,Ireland,Pakistan,A Balbirnie,Shahid Afridi,108,3,23.3,13,0,69,8,237
837,3/15/2015,Adelaide Oval,Ireland,Pakistan,WTS Porterfield,Shahid Afridi,112,3,23.4,17,0,73,8,237
837,3/15/2015,Adelaide Oval,Ireland,Pakistan,WTS Porterfield,Shahid Afridi,112,3,23.5,17,0,73,8,237
837,3/15/2015,Adelaide Oval,Ireland,Pakistan,WTS Porterfield,Shahid Afridi,113,3,23.6,18,0,74,8,237
837,3/15/2015,Adelaide Oval,Ireland,Pakistan,WTS Porterfield,Ehsan Adil,113,3,24.1,18,0,74,8,237
837,3/15/2015,Adelaide Oval,Ireland,Pakistan,WTS Porterfield,Ehsan Adil,114,3,24.2,19,0,75,8,237
837,3/15/2015,Adelaide Oval,Ireland,Pakistan,A Balbirnie,Ehsan Adil,115,3,24.3,19,0,75,9,237
837,3/15/2015,Adelaide Oval,Ireland,Pakistan,WTS Porterfield,Ehsan Adil,115,3,24.4,19,0,75,9,237
837,3/15/2015,Adelaide Oval,Ireland,Pakistan,WTS Porterfield,Ehsan Adil,115,3,24.5,19,0,75,9,237
837,3/15/2015,Adelaide Oval,Ireland,Pakistan,WTS Porterfield,Ehsan Adil,115,3,24.6,19,0,75,9,237
837,3/15/2015,Adelaide Oval,Ireland,Pakistan,A Balbirnie,Shahid Afridi,115,3,25.1,18,0,75,9,237
837,3/15/2015,Adelaide Oval,Ireland,Pakistan,A Balbirnie,Shahid Afridi,115,3,25.2,17,0,75,9,237
837,3/15/2015,Adelaide Oval,Ireland,Pakistan,A Balbirnie,Shahid Afridi,116,3,25.3,18,0,75,10,237
837,3/15/2015,Adelaide Oval,Ireland,Pakistan,WTS Porterfield,Shahid Afridi,117,3,25.4,19,0,76,10,237
837,3/15/2015,Adelaide Oval,Ireland,Pakistan,A Balbirnie,Shahid Afridi,117,3,25.5,19,0,76,10,237
837,3/15/2015,Adelaide Oval,Ireland,Pakistan,A Balbirnie,Shahid Afridi,118,3,25.6,20,0,76,11,237
837,3/15/2015,Adelaide Oval,Ireland,Pakistan,A Balbirnie,Ehsan Adil,121,3,26.1,21,0,76,14,237
837,3/15/2015,Adelaide Oval,Ireland,Pakistan,WTS Porterfield,Ehsan Adil,121,3,26.2,20,0,76,14,237
837,3/15/2015,Adelaide Oval,Ireland,Pakistan,WTS Porterfield,Ehsan Adil,121,3,26.3,20,0,76,14,237
837,3/15/2015,Adelaide Oval,Ireland,Pakistan,WTS Porterfield,Ehsan Adil,121,3,26.4,19,0,76,14,237
837,3/15/2015,Adelaide Oval,Ireland,Pakistan,WTS Porterfield,Ehsan Adil,122,3,26.4,20,0,76,14,237
837,3/15/2015,Adelaide Oval,Ireland,Pakistan,WTS Porterfield,Ehsan Adil,124,3,26.5,22,0,78,14,237
837,3/15/2015,Adelaide Oval,Ireland,Pakistan,WTS Porterfield,Ehsan Adil,124,3,26.6,22,0,78,14,237
837,3/15/2015,Adelaide Oval,Ireland,Pakistan,A Balbirnie,Shahid Afridi,125,3,27.1,22,0,78,15,237
837,3/15/2015,Adelaide Oval,Ireland,Pakistan,WTS Porterfield,Shahid Afridi,126,3,27.2,21,0,79,15,237
837,3/15/2015,Adelaide Oval,Ireland,Pakistan,A Balbirnie,Shahid Afridi,127,3,27.3,22,0,79,16,237
837,3/15/2015,Adelaide Oval,Ireland,Pakistan,WTS Porterfield,Shahid Afridi,127,3,27.4,22,0,79,16,237
837,3/15/2015,Adelaide Oval,Ireland,Pakistan,WTS Porterfield,Shahid Afridi,127,3,27.5,21,0,79,16,237
837,3/15/2015,Adelaide Oval,Ireland,Pakistan,WTS Porterfield,Shahid Afridi,127,3,27.6,20,0,79,16,237
837,3/15/2015,Adelaide Oval,Ireland,Pakistan,A Balbirnie,Wahab Riaz,127,3,28.1,20,0,79,16,237
837,3/15/2015,Adelaide Oval,Ireland,Pakistan,A Balbirnie,Wahab Riaz,127,3,28.2,19,0,79,16,237
837,3/15/2015,Adelaide Oval,Ireland,Pakistan,A Balbirnie,Wahab Riaz,127,3,28.3,15,0,79,16,237
837,3/15/2015,Adelaide Oval,Ireland,Pakistan,A Balbirnie,Wahab Riaz,127,3,28.4,15,0,79,16,237
837,3/15/2015,Adelaide Oval,Ireland,Pakistan,A Balbirnie,Wahab Riaz,128,3,28.5,15,0,79,17,237
837,3/15/2015,Adelaide Oval,Ireland,Pakistan,WTS Porterfield,Wahab Riaz,129,3,28.6,16,0,80,17,237
837,3/15/2015,Adelaide Oval,Ireland,Pakistan,WTS Porterfield,Haris Sohail,130,3,29.1,16,0,81,17,237
837,3/15/2015,Adelaide Oval,Ireland,Pakistan,A Balbirnie,Haris Sohail,131,3,29.2,16,0,81,18,237
837,3/15/2015,Adelaide Oval,Ireland,Pakistan,WTS Porterfield,Haris Sohail,134,3,29.3,19,0,84,18,237
837,3/15/2015,Adelaide Oval,Ireland,Pakistan,A Balbirnie,Haris Sohail,134,4,29.4,19,1,84,18,237
837,3/15/2015,Adelaide Oval,Ireland,Pakistan,GC Wilson,Haris Sohail,136,4,29.5,21,1,84,2,237
837,3/15/2015,Adelaide Oval,Ireland,Pakistan,GC Wilson,Haris Sohail,136,4,29.6,21,1,84,2,237
837,3/15/2015,Adelaide Oval,Ireland,Pakistan,WTS Porterfield,Wahab Riaz,137,4,30.1,22,1,85,2,237
837,3/15/2015,Adelaide Oval,Ireland,Pakistan,GC Wilson,Wahab Riaz,137,4,30.2,21,1,85,2,237
837,3/15/2015,Adelaide Oval,Ireland,Pakistan,GC Wilson,Wahab Riaz,137,4,30.3,20,1,85,2,237
837,3/15/2015,Adelaide Oval,Ireland,Pakistan,GC Wilson,Wahab Riaz,138,4,30.4,21,1,85,3,237
837,3/15/2015,Adelaide Oval,Ireland,Pakistan,WTS Porterfield,Wahab Riaz,138,4,30.5,20,1,85,3,237
837,3/15/2015,Adelaide Oval,Ireland,Pakistan,WTS Porterfield,Wahab Riaz,138,4,30.6,17,1,85,3,237
837,3/15/2015,Adelaide Oval,Ireland,Pakistan,GC Wilson,Haris Sohail,139,4,31.1,18,1,85,4,237
837,3/15/2015,Adelaide Oval,Ireland,Pakistan,WTS Porterfield,Haris Sohail,140,4,31.2,19,1,86,4,237
837,3/15/2015,Adelaide Oval,Ireland,Pakistan,GC Wilson,Haris Sohail,141,4,31.3,20,1,86,5,237
837,3/15/2015,Adelaide Oval,Ireland,Pakistan,WTS Porterfield,Haris Sohail,142,4,31.4,20,1,87,5,237
837,3/15/2015,Adelaide Oval,Ireland,Pakistan,GC Wilson,Haris Sohail,143,4,31.5,19,1,87,6,237
837,3/15/2015,Adelaide Oval,Ireland,Pakistan,WTS Porterfield,Haris Sohail,143,4,31.6,19,1,87,6,237
837,3/15/2015,Adelaide Oval,Ireland,Pakistan,GC Wilson,Shahid Afridi,144,4,32.1,19,1,87,7,237
837,3/15/2015,Adelaide Oval,Ireland,Pakistan,WTS Porterfield,Shahid Afridi,145,4,32.2,19,1,88,7,237
837,3/15/2015,Adelaide Oval,Ireland,Pakistan,GC Wilson,Shahid Afridi,145,4,32.3,18,1,88,7,237
837,3/15/2015,Adelaide Oval,Ireland,Pakistan,GC Wilson,Shahid Afridi,145,4,32.4,18,1,88,7,237
837,3/15/2015,Adelaide Oval,Ireland,Pakistan,GC Wilson,Shahid Afridi,145,4,32.5,18,1,88,7,237
837,3/15/2015,Adelaide Oval,Ireland,Pakistan,GC Wilson,Shahid Afridi,146,4,32.6,19,1,88,8,237
837,3/15/2015,Adelaide Oval,Ireland,Pakistan,GC Wilson,Haris Sohail,147,4,33.1,20,1,88,9,237
837,3/15/2015,Adelaide Oval,Ireland,Pakistan,WTS Porterfield,Haris Sohail,151,4,33.2,24,1,92,9,237
837,3/15/2015,Adelaide Oval,Ireland,Pakistan,WTS Porterfield,Haris Sohail,152,4,33.3,25,1,93,9,237
837,3/15/2015,Adelaide Oval,Ireland,Pakistan,GC Wilson,Haris Sohail,152,4,33.4,25,1,93,9,237
837,3/15/2015,Adelaide Oval,Ireland,Pakistan,GC Wilson,Haris Sohail,153,4,33.5,25,1,93,10,237
837,3/15/2015,Adelaide Oval,Ireland,Pakistan,WTS Porterfield,Haris Sohail,154,4,33.5,25,1,93,10,237
837,3/15/2015,Adelaide Oval,Ireland,Pakistan,WTS Porterfield,Haris Sohail,154,4,33.6,24,1,93,10,237
837,3/15/2015,Adelaide Oval,Ireland,Pakistan,GC Wilson,Shahid Afridi,154,4,34.1,23,1,93,10,237
837,3/15/2015,Adelaide Oval,Ireland,Pakistan,GC Wilson,Shahid Afridi,154,4,34.2,20,1,93,10,237
837,3/15/2015,Adelaide Oval,Ireland,Pakistan,GC Wilson,Shahid Afridi,155,4,34.3,21,0,93,11,237
837,3/15/2015,Adelaide Oval,Ireland,Pakistan,WTS Porterfield,Shahid Afridi,156,4,34.4,20,0,94,11,237
837,3/15/2015,Adelaide Oval,Ireland,Pakistan,GC Wilson,Shahid Afridi,156,4,34.5,20,0,94,11,237
837,3/15/2015,Adelaide Oval,Ireland,Pakistan,GC Wilson,Shahid Afridi,156,4,34.6,19,0,94,11,237
837,3/15/2015,Adelaide Oval,Ireland,Pakistan,WTS Porterfield,Rahat Ali,157,4,35.1,20,0,95,11,237
837,3/15/2015,Adelaide Oval,Ireland,Pakistan,GC Wilson,Rahat Ali,158,4,35.2,21,0,95,12,237
837,3/15/2015,Adelaide Oval,Ireland,Pakistan,WTS Porterfield,Rahat Ali,158,4,35.3,20,0,95,12,237
837,3/15/2015,Adelaide Oval,Ireland,Pakistan,WTS Porterfield,Rahat Ali,159,4,35.4,21,0,96,12,237
837,3/15/2015,Adelaide Oval,Ireland,Pakistan,GC Wilson,Rahat Ali,161,4,35.5,23,0,96,14,237
837,3/15/2015,Adelaide Oval,Ireland,Pakistan,GC Wilson,Rahat Ali,162,4,35.5,23,0,96,14,237
837,3/15/2015,Adelaide Oval,Ireland,Pakistan,GC Wilson,Rahat Ali,162,4,35.6,22,0,96,14,237
837,3/15/2015,Adelaide Oval,Ireland,Pakistan,WTS Porterfield,Sohail Khan,163,4,36.1,22,0,97,14,237
837,3/15/2015,Adelaide Oval,Ireland,Pakistan,GC Wilson,Sohail Khan,164,4,36.2,22,0,97,15,237
837,3/15/2015,Adelaide Oval,Ireland,Pakistan,WTS Porterfield,Sohail Khan,165,4,36.3,22,0,98,15,237
837,3/15/2015,Adelaide Oval,Ireland,Pakistan,GC Wilson,Sohail Khan,166,4,36.4,23,0,98,16,237
837,3/15/2015,Adelaide Oval,Ireland,Pakistan,WTS Porterfield,Sohail Khan,167,4,36.5,23,0,99,16,237
837,3/15/2015,Adelaide Oval,Ireland,Pakistan,GC Wilson,Sohail Khan,171,4,36.6,26,0,99,20,237
837,3/15/2015,Adelaide Oval,Ireland,Pakistan,WTS Porterfield,Rahat Ali,173,4,37.1,28,0,101,20,237
837,3/15/2015,Adelaide Oval,Ireland,Pakistan,WTS Porterfield,Rahat Ali,177,4,37.2,32,0,105,20,237
837,3/15/2015,Adelaide Oval,Ireland,Pakistan,WTS Porterfield,Rahat Ali,178,4,37.3,33,0,106,20,237
837,3/15/2015,Adelaide Oval,Ireland,Pakistan,GC Wilson,Rahat Ali,179,4,37.4,33,0,106,21,237
837,3/15/2015,Adelaide Oval,Ireland,Pakistan,WTS Porterfield,Rahat Ali,179,4,37.5,32,0,106,21,237
837,3/15/2015,Adelaide Oval,Ireland,Pakistan,WTS Porterfield,Rahat Ali,179,4,37.6,28,0,106,21,237
837,3/15/2015,Adelaide Oval,Ireland,Pakistan,GC Wilson,Sohail Khan,180,4,38.1,28,0,106,22,237
837,3/15/2015,Adelaide Oval,Ireland,Pakistan,WTS Porterfield,Sohail Khan,181,4,38.2,29,0,107,22,237
837,3/15/2015,Adelaide Oval,Ireland,Pakistan,GC Wilson,Sohail Khan,182,4,38.3,29,0,107,23,237
837,3/15/2015,Adelaide Oval,Ireland,Pakistan,WTS Porterfield,Sohail Khan,182,4,38.4,28,0,107,23,237
837,3/15/2015,Adelaide Oval,Ireland,Pakistan,WTS Porterfield,Sohail Khan,182,5,38.5,28,1,107,23,237
837,3/15/2015,Adelaide Oval,Ireland,Pakistan,GC Wilson,Sohail Khan,183,5,38.6,29,1,24,0,237
837,3/15/2015,Adelaide Oval,Ireland,Pakistan,GC Wilson,Shahid Afridi,183,5,39.1,29,1,24,0,237
837,3/15/2015,Adelaide Oval,Ireland,Pakistan,GC Wilson,Shahid Afridi,183,5,39.2,28,1,24,0,237
837,3/15/2015,Adelaide Oval,Ireland,Pakistan,GC Wilson,Shahid Afridi,187,5,39.3,31,1,28,0,237
837,3/15/2015,Adelaide Oval,Ireland,Pakistan,GC Wilson,Shahid Afridi,188,5,39.4,32,1,29,0,237
837,3/15/2015,Adelaide Oval,Ireland,Pakistan,KJ O'Brien,Shahid Afridi,188,5,39.5,32,1,29,0,237
837,3/15/2015,Adelaide Oval,Ireland,Pakistan,KJ O'Brien,Shahid Afridi,188,5,39.6,31,1,29,0,237
837,3/15/2015,Adelaide Oval,Ireland,Pakistan,GC Wilson,Sohail Khan,188,5,40.1,30,1,29,0,237
837,3/15/2015,Adelaide Oval,Ireland,Pakistan,GC Wilson,Sohail Khan,189,5,40.1,31,1,29,0,237
837,3/15/2015,Adelaide Oval,Ireland,Pakistan,GC Wilson,Sohail Khan,189,5,40.2,30,1,29,0,237
837,3/15/2015,Adelaide Oval,Ireland,Pakistan,GC Wilson,Sohail Khan,189,6,40.3,28,2,29,0,237
837,3/15/2015,Adelaide Oval,Ireland,Pakistan,SR Thompson,Sohail Khan,190,6,40.4,28,2,1,0,237
837,3/15/2015,Adelaide Oval,Ireland,Pakistan,KJ O'Brien,Sohail Khan,190,6,40.5,28,2,1,0,237
837,3/15/2015,Adelaide Oval,Ireland,Pakistan,KJ O'Brien,Sohail Khan,190,6,40.6,27,2,1,0,237
837,3/15/2015,Adelaide Oval,Ireland,Pakistan,SR Thompson,Rahat Ali,191,6,41.1,27,2,2,0,237
837,3/15/2015,Adelaide Oval,Ireland,Pakistan,KJ O'Brien,Rahat Ali,192,6,41.2,27,2,2,0,237
837,3/15/2015,Adelaide Oval,Ireland,Pakistan,SR Thompson,Rahat Ali,192,6,41.3,26,2,2,0,237
837,3/15/2015,Adelaide Oval,Ireland,Pakistan,SR Thompson,Rahat Ali,192,6,41.4,25,2,2,0,237
837,3/15/2015,Adelaide Oval,Ireland,Pakistan,SR Thompson,Rahat Ali,192,6,41.5,21,2,2,0,237
837,3/15/2015,Adelaide Oval,Ireland,Pakistan,SR Thompson,Rahat Ali,193,6,41.6,20,2,3,0,237
837,3/15/2015,Adelaide Oval,Ireland,Pakistan,SR Thompson,Wahab Riaz,193,6,42.1,16,2,3,0,237
837,3/15/2015,Adelaide Oval,Ireland,Pakistan,SR Thompson,Wahab Riaz,193,6,42.2,15,2,3,0,237
837,3/15/2015,Adelaide Oval,Ireland,Pakistan,SR Thompson,Wahab Riaz,194,6,42.3,15,2,4,0,237
837,3/15/2015,Adelaide Oval,Ireland,Pakistan,KJ O'Brien,Wahab Riaz,195,6,42.4,16,2,4,1,237
837,3/15/2015,Adelaide Oval,Ireland,Pakistan,SR Thompson,Wahab Riaz,197,6,42.5,18,2,6,1,237
837,3/15/2015,Adelaide Oval,Ireland,Pakistan,SR Thompson,Wahab Riaz,198,6,42.6,18,2,7,1,237
837,3/15/2015,Adelaide Oval,Ireland,Pakistan,SR Thompson,Rahat Ali,199,6,43.1,18,2,8,1,237
837,3/15/2015,Adelaide Oval,Ireland,Pakistan,KJ O'Brien,Rahat Ali,200,6,43.2,18,2,8,2,237
837,3/15/2015,Adelaide Oval,Ireland,Pakistan,SR Thompson,Rahat Ali,204,6,43.3,22,2,12,2,237
837,3/15/2015,Adelaide Oval,Ireland,Pakistan,SR Thompson,Rahat Ali,204,6,43.4,22,1,12,2,237
837,3/15/2015,Adelaide Oval,Ireland,Pakistan,SR Thompson,Rahat Ali,204,7,43.5,21,2,12,2,237
837,3/15/2015,Adelaide Oval,Ireland,Pakistan,JF Mooney,Rahat Ali,205,7,43.6,22,2,2,1,237
837,3/15/2015,Adelaide Oval,Ireland,Pakistan,JF Mooney,Sohail Khan,205,7,44.1,22,2,2,1,237
837,3/15/2015,Adelaide Oval,Ireland,Pakistan,JF Mooney,Sohail Khan,205,7,44.2,18,2,2,1,237
837,3/15/2015,Adelaide Oval,Ireland,Pakistan,JF Mooney,Sohail Khan,206,7,44.3,18,2,2,2,237
837,3/15/2015,Adelaide Oval,Ireland,Pakistan,KJ O'Brien,Sohail Khan,207,7,44.3,19,2,2,2,237
837,3/15/2015,Adelaide Oval,Ireland,Pakistan,KJ O'Brien,Sohail Khan,208,7,44.4,20,2,3,2,237
837,3/15/2015,Adelaide Oval,Ireland,Pakistan,JF Mooney,Sohail Khan,209,7,44.5,21,2,3,2,237
837,3/15/2015,Adelaide Oval,Ireland,Pakistan,KJ O'Brien,Sohail Khan,209,7,44.6,20,2,3,2,237
837,3/15/2015,Adelaide Oval,Ireland,Pakistan,JF Mooney,Wahab Riaz,209,7,45.1,20,2,3,2,237
837,3/15/2015,Adelaide Oval,Ireland,Pakistan,JF Mooney,Wahab Riaz,209,7,45.2,20,1,3,2,237
837,3/15/2015,Adelaide Oval,Ireland,Pakistan,JF Mooney,Wahab Riaz,209,7,45.3,19,1,3,2,237
837,3/15/2015,Adelaide Oval,Ireland,Pakistan,JF Mooney,Wahab Riaz,209,7,45.4,19,1,3,2,237
837,3/15/2015,Adelaide Oval,Ireland,Pakistan,JF Mooney,Wahab Riaz,210,7,45.5,20,1,3,3,237
837,3/15/2015,Adelaide Oval,Ireland,Pakistan,KJ O'Brien,Wahab Riaz,210,7,45.6,19,1,3,3,237
837,3/15/2015,Adelaide Oval,Ireland,Pakistan,JF Mooney,Sohail Khan,211,7,46.1,19,1,4,3,237
837,3/15/2015,Adelaide Oval,Ireland,Pakistan,KJ O'Brien,Sohail Khan,211,7,46.2,19,1,4,3,237
837,3/15/2015,Adelaide Oval,Ireland,Pakistan,KJ O'Brien,Sohail Khan,215,7,46.3,23,1,7,4,237
837,3/15/2015,Adelaide Oval,Ireland,Pakistan,KJ O'Brien,Sohail Khan,215,7,46.4,23,1,7,4,237
837,3/15/2015,Adelaide Oval,Ireland,Pakistan,KJ O'Brien,Sohail Khan,215,7,46.5,22,1,7,4,237
837,3/15/2015,Adelaide Oval,Ireland,Pakistan,KJ O'Brien,Sohail Khan,216,7,46.6,23,1,8,4,237
837,3/15/2015,Adelaide Oval,Ireland,Pakistan,KJ O'Brien,Wahab Riaz,216,8,47.1,23,2,8,4,237
837,3/15/2015,Adelaide Oval,Ireland,Pakistan,JF Mooney,Wahab Riaz,217,8,47.2,23,2,5,0,237
837,3/15/2015,Adelaide Oval,Ireland,Pakistan,GH Dockrell,Wahab Riaz,218,8,47.3,23,2,5,1,237
837,3/15/2015,Adelaide Oval,Ireland,Pakistan,JF Mooney,Wahab Riaz,219,8,47.4,22,2,6,1,237
837,3/15/2015,Adelaide Oval,Ireland,Pakistan,GH Dockrell,Wahab Riaz,221,8,47.5,23,2,6,3,237
837,3/15/2015,Adelaide Oval,Ireland,Pakistan,GH Dockrell,Wahab Riaz,221,8,47.6,22,2,6,3,237
837,3/15/2015,Adelaide Oval,Ireland,Pakistan,JF Mooney,Sohail Khan,222,8,48.1,22,2,7,3,237
837,3/15/2015,Adelaide Oval,Ireland,Pakistan,GH Dockrell,Sohail Khan,223,8,48.2,19,2,7,4,237
837,3/15/2015,Adelaide Oval,Ireland,Pakistan,JF Mooney,Sohail Khan,227,8,48.3,23,2,11,4,237
837,3/15/2015,Adelaide Oval,Ireland,Pakistan,JF Mooney,Sohail Khan,229,8,48.4,25,1,13,4,237
837,3/15/2015,Adelaide Oval,Ireland,Pakistan,JF Mooney,Sohail Khan,229,8,48.5,24,1,13,4,237
837,3/15/2015,Adelaide Oval,Ireland,Pakistan,JF Mooney,Sohail Khan,229,8,48.6,24,1,13,4,237
837,3/15/2015,Adelaide Oval,Ireland,Pakistan,GH Dockrell,Wahab Riaz,230,8,49.1,25,1,13,5,237
837,3/15/2015,Adelaide Oval,Ireland,Pakistan,JF Mooney,Wahab Riaz,230,9,49.2,24,2,13,5,237
837,3/15/2015,Adelaide Oval,Ireland,Pakistan,AR Cusack,Wahab Riaz,231,9,49.3,24,2,5,1,237
837,3/15/2015,Adelaide Oval,Ireland,Pakistan,GH Dockrell,Wahab Riaz,237,9,49.4,29,2,11,1,237
837,3/15/2015,Adelaide Oval,Ireland,Pakistan,GH Dockrell,Wahab Riaz,237,9,49.5,28,2,11,1,237
837,3/15/2015,Adelaide Oval,Ireland,Pakistan,GH Dockrell,Wahab Riaz,237,10,49.6,28,3,11,1,237
