,POS,PLAYER,Pts,Mat,Wkts,Dots,4s,6s,Catches,Stumpings,Year
13,13,ShaneWarne,214,15,19,108,7,2,6,0,2008
14,14,AdamGilchrist,211.5,14,0,0,51,19,6,1,2008
15,15,ShanthakumaranSreesanth,204.5,15,19,133,0,0,2,0,2008
16,16,GlennMcGrath,203.5,14,12,154,1,0,2,0,2008
17,17,GautamGambhir,203,14,0,0,68,8,2,0,2008
18,18,PraveenKumar,198.5,13,11,109,10,6,2,0,2008
19,19,RPSingh,195.5,14,15,122,2,1,5,0,2008
20,20,MunafPatel,195,15,14,141,0,0,2,0,2008
21,21,MFMaharoof,193.5,10,15,84,10,7,3,0,2008
22,22,RohitSharma,191,13,1,6,38,19,8,0,2008
23,23,SureshRaina,183,16,1,4,35,18,10,0,2008
24,24,AshishNehra,183,14,12,121,0,0,8,0,2008
25,25,JamesHopes,181.5,11,7,54,27,8,3,0,2008
26,26,DwayneBravo,179.5,9,11,66,19,5,4,0,2008
27,27,MuttiahMuralitharan,175.5,15,11,127,0,0,4,0,2008
28,28,YuvrajSingh,171,15,3,14,24,19,8,0,2008
29,29,GraemeSmith,168,11,0,0,54,8,2,0,2008
30,30,SiddharthTrivedi,164.5,15,13,104,0,0,6,0,2008
31,31,MSDhoni,162.5,16,0,0,38,15,6,0,2008
32,32,YoMahesh,162.5,11,16,94,0,0,5,0,2008
33,33,DaleSteyn,161,10,10,116,0,0,4,0,2008
34,34,ZaheerKhan,158,11,13,100,4,0,1,0,2008
35,35,DavidHussey,150.5,13,2,24,19,17,5,0,2008
36,36,IshantSharma,149.5,13,8,114,1,0,2,0,2008
37,37,JacquesKallis,148,11,4,55,23,4,3,0,2008
38,38,SwapnilAsnodkar,143.5,9,0,0,43,6,6,0,2008
39,39,AshokDinda,142.5,13,8,112,0,0,1,0,2008
40,40,KumarSangakkara,140.5,10,0,0,41,8,4,0,2008
41,41,RobinUthappa,139,14,0,0,34,9,9,0,2008
42,42,ShahidAfridi,137,10,9,57,7,6,4,0,2008
43,43,VenugopalRao,136.5,11,2,22,22,15,0,0,2008
44,44,VikramSingh,136,13,11,95,1,0,0,0,2008
45,45,ShikharDhawan,135.5,14,0,0,35,8,8,0,2008
46,46,MakhayaNtini,131,9,7,99,2,0,1,0,2008
47,47,RahulDravid,131,14,0,0,35,11,2,0,2008
48,48,ParthivPatel,130.5,13,0,0,42,3,6,0,2008
49,49,AnilKumble,122,10,7,85,1,0,4,0,2008
50,50,DhawalKulkarni,120.5,10,11,77,0,0,2,0,2008
51,51,PragyanOjha,117,13,11,71,0,0,3,0,2008
52,52,AjitAgarkar,116,9,8,66,5,2,1,0,2008
53,53,UmarGul,113,6,12,51,1,5,0,0,2008
54,54,LaxmiRatan Shukla,104,13,6,18,17,5,2,0,2008
55,55,ScottStyris,103.5,8,3,61,9,2,1,0,2008
56,56,LakshmipathyBalaji,101,9,11,60,0,0,1,0,2008
57,57,AbhishekNayar,99,14,1,14,16,9,4,0,2008
58,58,VinayKumar,95,8,5,59,2,1,4,0,2008
59,59,MohammadAsif,94.5,8,8,64,0,0,1,0,2008
60,60,SubramaniamBadrinath,93,16,0,0,21,8,5,0,2008
61,61,AmitMishra,92,6,11,41,3,0,2,0,2008
62,62,DilharaFernando,91,5,10,51,0,0,2,0,2008
63,63,MarkBoucher,91,10,0,0,24,6,3,1,2008
64,64,BrendonMcCullum,87.5,4,0,0,13,15,1,0,2008
65,65,JoginderSharma,87,8,8,43,1,1,4,0,2008
66,66,SanjayBangar,87,11,4,55,1,3,2,0,2008
67,67,SalmanButt,87,7,0,0,30,2,2,0,2008
68,68,SachinTendulkar,87,7,0,0,26,2,6,0,2008
69,69,AndrewSymonds,85.5,4,0,9,15,9,3,0,2008
70,70,RajatBhatia,83.5,9,6,48,2,2,1,0,2008
71,71,StephenFleming,83,10,0,0,27,3,2,0,2008
72,72,HerschelleGibbs,83,9,0,0,17,8,5,0,2008
73,73,KamranAkmal,83,6,0,0,13,8,5,4,2008
74,74,MatthewHayden,81,4,0,0,24,6,0,0,2008
75,75,WriddhimanSaha,79.5,12,0,0,12,7,8,2,2008
76,76,ViratKohli,78,13,2,7,18,4,2,0,2008
77,77,PaidikalvaVijaykumar,77,9,4,63,0,0,0,0,2008
78,78,MohammadKaif,76,16,0,0,14,6,8,0,2008
79,79,BrettLee,75,4,4,45,2,1,3,0,2008
80,80,VidyutSivaramakrishnan,74,9,1,5,21,3,1,0,2008
81,81,MichaelHussey,73.5,4,0,0,12,11,2,0,2008
82,82,RavindraJadeja,72,14,0,6,11,6,7,0,2008
83,83,BalachandraAkhil,71.5,7,2,34,4,3,4,0,2008
84,84,TillakaratneDilshan,69.5,7,1,3,14,3,7,0,2008
85,85,MahelaJayawardene,69.5,13,0,0,15,7,3,0,2008
86,86,RossTaylor,67.5,4,0,0,13,10,0,0,2008
87,87,PradeepSangwan,67,7,5,47,0,0,1,0,2008
88,88,DineshKarthik,66.5,13,0,0,13,4,6,2,2008
89,89,LukePomersbach,66.5,5,0,0,13,9,1,0,2008
90,90,ChamindaVaas,62,5,5,41,0,1,0,0,2008
91,91,VVSLaxman,61,6,0,0,22,1,1,0,2008
92,92,RameshPowar,59,5,3,30,4,1,2,0,2008
93,93,MuraliKartik,59,6,3,31,3,0,4,0,2008
94,94,PalaniAmarnath,58.5,6,7,29,0,0,2,0,2008
95,95,DwayneSmith,58.5,4,5,25,5,1,0,0,2008
96,96,JacobOram,56,4,3,32,1,1,3,0,2008
97,97,DwarakaRavi Teja,54,7,1,3,10,5,2,0,2008
98,98,HarbhajanSingh,51.5,3,5,16,1,3,2,0,2008
99,99,RohanRaje,51.5,6,5,29,1,0,1,0,2008
100,100,DominicThornely,49,6,3,19,2,2,3,0,2008
101,101,Misbah-ul-Haq,48.5,8,0,0,10,6,1,0,2008
102,102,WasimJaffer,48,6,0,0,12,3,3,0,2008
103,103,ManojTiwary,47.5,9,0,0,16,0,3,0,2008
104,104,ShoaibMalik,47,7,2,15,5,0,5,0,2008
105,105,CameronWhite,41.5,8,0,0,8,4,3,0,2008
106,106,NirajPatel,41,5,0,0,13,1,2,0,2008
107,107,ShoaibAkhtar,40.5,3,5,23,0,0,0,0,2008
108,108,DebabrataDas,40,6,0,0,9,5,0,0,2008
109,109,KaranGoel,38.5,7,0,2,7,4,2,0,2008
110,110,NuwanZoysa,36,3,2,24,1,0,1,0,2008
111,111,ShreevatsGoswami,36,4,0,0,9,1,2,2,2008
112,112,GajendraSingh,35.5,4,3,25,0,0,0,0,2008
113,113,SimonKatich,34.5,2,0,0,11,2,0,0,2008
114,114,DineshSalunkhe,34,6,1,13,5,0,2,0,2008
115,115,MaheshRawat,33.5,11,0,0,3,1,9,0,2008
116,116,MohammadHafeez,29.5,8,1,15,2,1,1,0,2008
117,117,BrettGeeves,26,2,1,15,0,0,3,0,2008
118,118,LukeRonchi,26,4,0,0,6,1,3,0,2008
119,119,SiddharthChitnis,25.5,3,2,10,1,1,1,0,2008
120,120,LPCSilva,23.5,3,0,0,5,1,3,0,2008
121,121,ABde Villiers,23.5,6,0,0,5,1,3,0,2008
122,122,DanielVettori,23,2,2,16,0,0,0,0,2008
123,123,SunilJoshi,21.5,4,1,18,0,0,0,0,2008
124,124,RamnareshSarwan,21,4,0,0,6,1,1,0,2008
125,125,MusavirKhote,20.5,4,2,5,2,1,0,0,2008
126,126,PankajSingh,20.5,5,0,18,0,0,1,0,2008
127,127,PinalShah,20,5,0,0,4,0,4,0,2008
128,128,DoddapaneniKalyankrishna,19.5,3,2,10,0,0,1,0,2008
129,129,ArjunYadav,19.5,8,0,0,5,2,0,0,2008
130,130,DimitriMascarenhas,18.5,1,2,8,0,1,0,0,2008
131,131,AakashChopra,17.5,5,0,0,5,0,2,0,2008
132,132,WilkinMota,16.5,4,1,3,2,0,2,0,2008
133,133,PMSarvesh Kumar,14.5,2,1,11,0,0,0,0,2008
134,134,RickyPonting,13.5,4,0,0,2,1,2,0,2008
135,135,SaurabhTiwary,13.5,3,0,0,3,1,1,0,2008
136,136,AjanthaMendis,12.5,1,1,9,0,0,0,0,2008
137,137,JagadeeshArunkumar,12.5,3,0,0,5,0,0,0,2008
138,138,AshleyNoffke,12,1,1,6,1,0,0,0,2008
139,139,AndreNel,10.5,1,1,7,0,0,0,0,2008
140,140,ChamaraKapugedera,10,5,0,0,0,0,4,0,2008
141,141,TatendaTaibu,10,3,0,0,3,0,1,0,2008
142,142,ShivnarineChanderpaul,10,3,0,0,4,0,0,0,2008
143,143,BharatChipli,10,3,0,0,3,0,1,0,2008
144,144,VikrantYeligati,8,2,0,8,0,0,0,0,2008
145,145,AbhinavMukund,7.5,2,0,0,0,0,3,0,2008
146,146,BradHodge,7.5,3,0,0,2,0,1,0,2008
147,147,DarrenLehmann,7.5,2,0,0,3,0,0,0,2008
148,148,DevrajPatil,7.5,2,0,0,1,0,2,0,2008
149,149,IqbalAbdulla,6,1,0,6,0,0,0,0,2008
150,150,TaruwarKohli,6,2,0,0,0,1,1,0,2008
151,151,UdayKaul,5,5,0,0,0,0,2,0,2008
152,152,TanmaySrivastava,5,5,0,0,0,0,2,0,2008
153,153,AbdurRazzak,5,1,0,5,0,0,0,0,2008
154,154,MithunManhas,2.5,1,0,0,0,0,1,0,2008
155,155,AjinkyaRahane,2.5,2,0,0,1,0,0,0,2008
156,156,YounisKhan,2.5,1,0,0,0,0,1,0,2008
157,157,SrikkanthAnirudha,0,1,0,0,0,0,0,0,2008
158,158,HalhadarDas,0,1,0,0,0,0,0,0,2008
159,159,PankajDharmani,0,1,0,0,0,0,0,0,2008
160,160,SunnySohal,0,2,0,0,0,0,0,0,2008
161,161,ManishPandey,0,3,0,0,0,0,0,0,2008
162,162,RajeshPawar,0,1,0,0,0,0,0,0,2008
0,,,,,,,,,,,2009
1,1,AdamGilchrist,281.5,16,0,0,54,29,10,8,2009
2,2,SureshRaina,265,14,7,57,37,21,7,0,2009
3,3,JacquesKallis,265,15,6,111,37,8,5,0,2009
4,4,RPSingh,261.5,16,23,171,0,0,4,0,2009
5,5,IrfanPathan,254,14,17,121,17,6,4,0,2009
6,6,MatthewHayden,239.5,12,0,0,60,22,5,0,2009
7,7,AnilKumble,224,16,21,138,2,0,3,0,2009
8,8,YusufPathan,214.5,13,7,83,24,12,2,0,2009
9,9,DwayneBravo,212.5,11,11,91,15,8,7,0,2009
10,10,LasithMalinga,212,13,18,144,0,0,2,0,2009
11,11,RohitSharma,208,16,11,39,22,18,5,0,2009
12,12,MuttiahMuralitharan,207.5,13,14,146,1,0,4,0,2009
13,13,YuvrajSingh,205,14,6,48,25,16,7,0,2009
14,14,ShaneWarne,203,13,14,110,6,4,6,0,2009
15,15,PraveenKumar,192.5,13,13,121,1,6,1,0,2009
16,16,HarbhajanSingh,187,13,12,105,6,5,3,0,2009
17,17,MunafPatel,184,11,16,108,5,0,3,0,2009
18,18,AlbieMorkel,183,12,13,101,8,4,1,0,2009
19,19,BradHodge,180,12,7,34,34,9,2,0,2009
20,20,IshantSharma,179.5,11,11,130,1,1,2,0,2009
21,21,IshantSharma,179.5,11,11,130,1,1,2,0,2009
22,22,PragyanOjha,176,15,18,108,0,0,2,0,2009
23,23,PiyushChawla,175.5,14,12,111,3,0,6,0,2009
24,24,JPDuminy,171.5,13,4,44,26,11,4,0,2009
25,25,AndrewSymonds,169,8,7,66,15,11,1,0,2009
26,26,AmitMishra,166,11,14,100,2,2,2,0,2009
27,27,SachinTendulkar,151.5,13,0,4,39,10,6,0,2009
28,28,HerschelleGibbs,149.5,14,0,0,32,12,11,0,2009
29,29,RavindraJadeja,148.5,13,6,44,21,6,4,0,2009
30,30,Roelofvan der Merwe,142.5,10,9,53,8,8,4,0,2009
31,31,SanathJayasuriya,140.5,12,7,29,23,7,2,0,2009
32,32,TirumalasettiSuman,126.5,12,5,31,18,8,2,0,2009
33,33,BrendonMcCullum,124.5,13,0,0,27,12,6,0,2009
34,34,YAAbdulla,124,9,14,75,0,0,0,0,2009
35,35,LakshmipathyBalaji,123,13,13,70,0,0,3,0,2009
36,36,ShadabJakati,122.5,9,13,62,3,0,3,0,2009
37,37,ChrisGayle,120.5,7,1,32,15,10,5,0,2009
38,38,RyanHarris,117.5,8,6,84,0,0,5,0,2009
39,39,VinayKumar,117.5,11,9,65,4,1,3,0,2009
40,40,DwayneSmith,116,8,1,30,12,15,0,0,2009
41,41,ViratKohli,115.5,16,0,10,22,8,9,0,2009
42,42,AbhishekNayar,110.5,13,4,27,14,7,4,0,2009
43,43,KumarSangakkara,110,14,0,0,29,5,6,2,2009
44,44,RossTaylor,110,11,0,0,20,15,3,0,2009
45,45,MSDhoni,106.5,14,0,0,22,9,4,4,2009
46,46,AjitAgarkar,104,11,6,65,3,3,0,0,2009
47,47,BrettLee,97.5,5,5,69,2,1,1,0,2009
48,48,MuraliKartik,93.5,10,4,77,0,0,1,0,2009
49,49,DimitriMascarenhas,91.5,5,6,58,4,0,1,0,2009
50,50,AmitSingh,87.5,5,9,56,0,0,0,0,2009
51,51,MahelaJayawardene,87,10,0,0,17,7,8,0,2009
52,52,JacobOram,85.5,11,5,29,5,4,5,0,2009
53,53,ShanthakumaranSreesanth,85.5,7,6,62,1,0,0,0,2009
54,54,RahulDravid,85.5,13,0,0,28,3,2,0,2009
55,55,VenugopalRao,85,16,4,28,6,3,7,0,2009
56,56,SouravGanguly,85,13,2,17,13,6,3,0,2009
57,57,DhawalKulkarni,85,8,5,65,0,0,1,0,2009
58,58,AshokDinda,83.5,9,4,67,0,0,1,0,2009
59,59,NamanOjha,81,8,0,0,11,11,2,4,2009
60,60,SudeepTyagi,79,8,5,59,0,0,1,0,2009
61,61,RameshPowar,79,9,5,49,2,0,3,0,2009
62,62,GraemeSmith,78.5,12,0,0,27,1,3,0,2009
63,63,JesseRyder,78,5,3,40,9,0,2,0,2009
64,64,ZaheerKhan,77,6,6,51,0,0,2,0,2009
65,65,SubramaniamBadrinath,76.5,14,0,0,20,4,5,0,2009
66,66,RobinUthappa,75.5,15,0,0,18,3,7,1,2009
67,67,KevinPietersen,74.5,6,4,26,8,2,3,0,2009
68,68,LaxmiRatan Shukla,74,9,3,38,5,3,1,0,2009
69,69,HarmeetSingh Bansal,71.5,7,3,46,0,0,6,0,2009
70,70,KamranKhan,70,5,6,39,0,0,4,0,2009
71,71,SiddharthTrivedi,69,7,6,43,0,0,2,0,2009
72,72,ManishPandey,66.5,5,0,0,17,4,4,0,2009
73,73,ManpreetGony,65.5,7,5,36,0,2,2,0,2009
74,74,KGoel,65,9,0,16,9,4,5,0,2009
75,75,SimonKatich,63.5,9,0,0,15,6,2,0,2009
76,76,ParthivPatel,62,9,0,0,19,2,3,0,2009
77,77,MarkBoucher,58.5,12,0,0,8,6,7,0,2009
78,78,AndrewFlintoff,56.5,3,2,20,5,2,4,0,2009
79,79,SunnySohal,55.5,8,0,0,9,8,2,0,2009
80,80,JohanBotha,53,3,3,30,5,0,0,0,2009
81,81,ShoaibAhmed,52.5,7,5,35,0,0,0,0,2009
82,82,RaviBopara,50,5,0,3,8,7,1,0,2009
83,83,SMHarwood,49.5,3,3,34,0,0,2,0,2009
84,84,AjinkyaRahane,48.5,8,1,2,12,3,1,0,2009
85,85,DavidHussey,48,4,0,7,7,6,1,0,2009
86,86,MoisesHenriques,47,4,2,24,2,1,3,0,2009
87,87,LACarseldine,45,5,1,4,11,0,4,0,2009
88,88,ChamindaVaas,44,2,4,24,1,1,0,0,2009
89,89,SAAsnodkar,44,8,0,0,11,4,1,0,2009
90,90,RobQuiney,43,7,0,0,12,3,1,0,2009
91,91,ScottStyris,42,2,5,21,0,1,0,0,2009
92,92,AjanthaMendis,41.5,4,3,26,0,0,2,0,2009
93,93,VikramjeetMalik,40,5,2,28,0,0,2,0,2009
94,94,WAMota,39,8,3,21,0,0,3,0,2009
95,95,BalachandraAkhil,39,6,4,19,1,1,0,0,2009
96,96,DaleSteyn,39,3,2,27,0,0,2,0,2009
97,97,PinalShah,37,9,0,0,4,2,6,2,2009
98,98,AbhishekRaut,34.5,9,0,4,5,3,3,0,2009
99,99,TThushara,32,2,3,19,0,0,1,0,2009
100,100,Ddu Preez,32,2,4,18,0,0,0,0,2009
101,101,DwarakaRavi Teja,27.5,9,0,0,7,0,4,0,2009
102,102,CharlLangeveldt,26.5,1,3,16,0,0,0,0,2009
103,103,WriddhimanSaha,26.5,8,0,0,3,4,2,0,2009
104,104,RavichandranAshwin,25.5,2,2,11,1,0,2,0,2009
105,105,MorneMorkel,25,2,0,20,1,0,1,0,2009
106,106,KPAppanna,25,5,2,18,0,0,0,0,2009
107,107,AnureetSingh,23,3,2,16,0,0,0,0,2009
108,108,RRRaje,23,4,1,11,0,1,2,0,2009
109,109,MuraliVijay,22,4,0,0,4,2,2,0,2009
110,110,PankajSingh,21.5,3,2,12,0,0,1,0,2009
111,111,THenderson,21,2,1,14,0,1,0,0,2009
112,112,YashpalSingh,20,8,0,0,5,0,3,0,2009
113,113,CNanda,20,3,2,13,0,0,0,0,2009
114,114,MaheshRawat,20,5,0,0,1,0,6,1,2009
115,115,JoginderSharma,19.5,4,2,9,0,1,0,0,2009
116,116,VRVSingh,19.5,5,1,16,0,0,0,0,2009
117,117,GeorgeBailey,17.5,3,0,0,7,0,0,0,2009
118,118,ShreevatsGoswami,17.5,2,0,0,6,0,1,0,2009
119,119,GRNapier,14,1,1,8,1,0,0,0,2009
120,120,LukePomersbach,13.5,4,0,0,3,1,1,0,2009
121,121,AzharBilakhia,12.5,6,0,0,5,0,0,0,2009
122,122,ShikharDhawan,12.5,5,0,0,3,0,2,0,2009
123,123,ShikharDhawan,12.5,5,0,0,3,0,2,0,2009
124,124,NKPatel,12.5,4,0,0,1,0,4,0,2009
125,125,RBishnoi,12,3,0,0,1,2,1,0,2009
126,126,AngeloMathews,9.5,1,0,2,2,0,1,0,2009
127,127,VVSLaxman,8.5,5,0,0,1,1,1,0,2009
128,128,JaskaranSingh,8,2,0,8,0,0,0,0,2009
129,129,SSShaikh,7.5,2,0,0,1,0,2,0,2009
130,130,WJaffer,7.5,2,0,0,2,0,1,0,2009
131,131,AbhimanyuMithun,7,1,0,7,0,0,0,0,2009
132,132,MashrafeMortaza,6,1,0,6,0,0,0,0,2009
133,133,RRBose,5,1,0,5,0,0,0,0,2009
134,134,ArindamGhosh,5,2,0,0,1,0,1,0,2009
135,135,AakashChopra,5,2,0,0,2,0,0,0,2009
136,136,MohammadAshraful,5,1,0,0,0,0,2,0,2009
137,137,LukeRonchi,2.5,1,0,0,0,0,1,0,2009
138,138,SiddharthChitnis,2.5,1,0,0,1,0,0,0,2009
139,139,PaulValthaty,2.5,2,0,0,1,0,0,0,2009
140,140,RAShaikh,1,1,0,1,0,0,0,0,2009
141,141,TKohli,0,2,0,0,0,0,0,0,2009
142,142,TanmaySrivastava,0,2,0,0,0,0,0,0,2009
143,143,SaurabhTiwary,0,4,0,0,0,0,0,0,2009
0,,,,,,,,,,,2010
1,1,JacquesKallis,380,16,13,118,67,9,7,0,2010
2,2,AndrewSymonds,329.5,16,12,107,35,18,12,0,2010
3,3,SureshRaina,276.5,16,6,41,45,22,10,0,2010
4,4,IrfanPathan,248,14,15,98,21,10,4,0,2010
5,5,KieronPollard,242.5,14,15,58,23,17,6,0,2010
6,6,YusufPathan,239,14,5,60,22,24,9,0,2010
7,7,SachinTendulkar,233,15,0,0,86,3,3,0,2010
8,8,HarbhajanSingh,224,15,17,102,12,5,6,0,2010
9,9,DaleSteyn,224,15,15,164,2,0,1,0,2010
10,10,AnilKumble,218,16,17,151,0,0,3,0,2010
11,11,PragyanOjha,217.5,16,21,134,0,0,4,0,2010
12,12,SouravGanguly,217,14,0,2,58,15,7,0,2010
13,13,AlbieMorkel,213.5,14,11,97,10,13,3,0,2010
14,14,MuraliVijay,208.5,15,0,0,36,26,11,0,2010
15,15,AmitMishra,203,14,17,131,1,0,4,0,2010
16,16,RohitSharma,201.5,16,2,33,36,14,9,0,2010
17,17,VirenderSehwag,200,14,3,18,47,14,2,0,2010
18,18,MahelaJayawardene,188.5,13,0,0,55,11,5,0,2010
19,19,ZaheerKhan,183,14,15,107,3,1,5,0,2010
20,20,MuttiahMuralitharan,181,12,15,121,0,0,3,0,2010
21,21,ChrisGayle,179,9,4,29,30,16,2,0,2010
22,22,RavichandranAshwin,178,12,13,125,2,0,1,0,2010
23,23,LasithMalinga,173.5,13,15,116,0,0,2,0,2010
24,24,NamanOjha,172.5,14,0,0,42,15,4,2,2010
25,25,RobinUthappa,172,16,0,0,21,27,7,3,2010
26,26,VinayKumar,169.5,14,16,101,1,0,4,0,2010
27,27,YuvrajSingh,166.5,14,5,45,20,14,2,0,2010
28,28,AngeloMathews,166.5,14,8,58,18,8,3,0,2010
29,29,AdamGilchrist,166,16,0,0,31,16,9,4,2010
30,30,ShaneWatson,166,6,6,61,18,9,3,0,2010
31,31,MatthewHayden,163.5,16,0,0,37,16,6,0,2010
32,32,KumarSangakkara,162.5,13,0,0,47,5,6,5,2010
33,33,PiyushChawla,161,14,12,94,7,0,3,0,2010
34,34,RyanHarris,155.5,8,14,82,2,2,5,0,2010
35,35,AmbatiRayudu,148,14,0,0,34,13,6,1,2010
36,36,DougBollinger,147,8,12,94,1,1,2,0,2010
37,37,RPSingh,147,12,13,99,0,0,1,0,2010
38,38,PraveenKumar,145,12,10,110,0,0,0,0,2010
39,39,MichaelLumb,143.5,11,0,0,45,6,4,0,2010
40,40,SaurabhTiwary,143,16,0,0,29,18,3,0,2010
41,41,ShaneWarne,137.5,14,11,94,0,0,2,0,2010
42,42,DavidWarner,136.5,11,0,0,27,14,8,0,2010
43,43,ShadabJakati,130,11,13,82,0,0,1,0,2010
44,44,MuraliKartik,126,10,9,77,2,0,5,0,2010
45,45,SubramaniamBadrinath,122.5,16,0,0,41,5,1,0,2010
46,46,RaviBopara,121.5,10,5,21,25,3,4,0,2010
47,47,ViratKohli,121.5,16,0,7,26,12,3,0,2010
48,48,KevinPietersen,121.5,7,3,18,23,8,3,0,2010
49,49,SiddharthTrivedi,121,11,11,69,3,1,1,0,2010
50,50,MSDhoni,120.5,13,0,0,26,8,5,6,2010
51,51,PaulCollingwood,119.5,8,5,24,9,13,4,0,2010
52,52,DirkNannes,118.5,9,7,89,0,0,2,0,2010
53,53,ShaunTait,118.5,8,10,70,0,1,4,0,2010
54,54,DineshKarthik,116,14,0,0,26,6,6,6,2010
55,55,HerschelleGibbs,111.5,10,0,0,26,9,6,0,2010
56,56,ManishPandey,109.5,13,0,0,27,7,7,0,2010
57,57,TirumalasettiSuman,109,14,0,2,23,12,3,0,2010
58,58,ShaneBond,109,8,9,75,0,0,1,0,2010
59,59,RyanMcLaren,105.5,10,4,69,7,0,2,0,2010
60,60,RahulDravid,105.5,16,0,0,34,3,4,0,2010
61,61,PradeepSangwan,104,8,9,70,0,0,1,0,2010
62,62,ManvinderBisla,101,10,0,0,27,6,5,0,2010
63,63,ChamindaVaas,100.5,6,9,63,1,1,0,0,2010
64,64,MFMaharoof,96.5,7,8,54,2,2,1,0,2010
65,65,AshokDinda,95.5,7,9,64,0,0,0,0,2010
66,66,GautamGambhir,94.5,11,0,0,32,2,3,0,2010
67,67,DwayneBravo,93.5,10,4,48,3,4,4,0,2010
68,68,ManojTiwary,90.5,13,1,2,23,5,4,0,2010
69,69,HarmeetSingh Bansal,88,8,8,60,0,0,0,0,2010
70,70,LakshmipathyBalaji,85.5,7,7,50,1,1,2,0,2010
71,71,IshantSharma,81,7,7,54,0,0,1,0,2010
72,72,ShikharDhawan,80.5,10,0,0,23,3,5,0,2010
73,73,UmeshYadav,78.5,7,6,55,0,0,1,0,2010
74,74,ShalabhSrivastava,77.5,8,6,54,0,0,1,0,2010
75,75,DilharaFernando,77,5,7,50,0,0,1,0,2010
76,76,AbhishekJhunjhunwala,76,13,0,12,16,4,4,0,2010
77,77,JPDuminy,74,7,1,13,13,5,3,0,2010
78,78,RameshPowar,72.5,7,3,62,0,0,0,0,2010
79,79,AshishNehra,71.5,4,6,37,2,1,2,0,2010
80,80,MohnishMishra,68.5,11,0,0,18,6,1,0,2010
81,81,RahulSharma,68.5,6,5,40,3,1,0,0,2010
82,82,JuanTheron,67.5,7,6,44,0,0,1,0,2010
83,83,ShanthakumaranSreesanth,67,6,3,44,5,0,0,0,2010
84,84,FaizFazal,67,10,0,1,19,1,6,0,2010
85,85,AjitAgarkar,66.5,7,4,40,4,0,1,0,2010
86,86,AdamVoges,65.5,9,0,15,15,3,1,0,2010
87,87,TThushara,60.5,4,5,38,0,0,2,0,2010
88,88,ShaunMarsh,58.5,4,0,0,14,6,1,0,2010
89,89,RajagopalSathish,56,12,2,14,11,0,3,0,2010
90,90,SumitNarwal,56,5,5,31,2,0,1,0,2010
91,91,AdityaDole,54.5,3,5,21,3,1,2,0,2010
92,92,TillakaratneDilshan,53.5,6,3,18,6,0,4,0,2010
93,93,BradHodge,53.5,4,2,8,11,1,3,0,2010
94,94,AndrewMcDonald,53,4,5,21,3,2,0,0,2010
95,95,DavidHussey,53,6,0,13,5,5,4,0,2010
96,96,JaskaranSingh,52,6,6,31,0,0,0,0,2010
97,97,CheteshwarPujara,50.5,10,0,0,14,3,2,0,2010
98,98,LaxmiRatan Shukla,49,4,3,19,3,2,2,0,2010
99,99,SarabjitLadda,48,5,4,34,0,0,0,0,2010
100,100,MithunManhas,47.5,9,0,0,14,0,5,0,2010
101,101,BrendonMcCullum,47,5,0,0,14,2,2,0,2010
102,102,RajatBhatia,45.5,5,3,23,1,2,1,0,2010
103,103,MunafPatel,44,4,3,31,0,0,1,0,2010
104,104,CharlLangeveldt,43.5,3,5,26,0,0,0,0,2010
105,105,SudeepTyagi,42.5,6,1,34,0,0,2,0,2010
106,106,WriddhimanSaha,41,13,0,0,9,1,3,3,2010
107,107,SanathJayasuriya,39.5,4,2,19,4,1,0,0,2010
108,108,DanielVettori,38,3,2,21,4,0,0,0,2010
109,109,MitchellMarsh,37,3,2,24,1,1,0,0,2010
110,110,JaydevUnadkat,36.5,3,4,20,0,0,1,0,2010
111,111,AliMurtaza,36,3,3,23,0,0,1,0,2010
112,112,RossTaylor,36,7,0,0,2,6,4,0,2010
113,113,OwaisShah,35,5,0,0,7,5,0,0,2010
114,114,JMKemp,34,5,3,15,1,1,1,0,2010
115,115,AnirudhSingh,33.5,5,0,0,6,1,6,0,2010
116,116,ABde Villiers,32.5,7,0,0,7,0,6,0,2010
117,117,ParasDogra,32.5,9,0,0,4,5,2,0,2010
118,118,BipulSharma,32,5,3,14,1,0,2,0,2010
119,119,AdityaTare,30.5,7,0,0,5,3,1,2,2010
120,120,DimitriMascarenhas,30,2,4,16,0,0,0,0,2010
121,121,CameronWhite,30,7,0,2,3,3,4,0,2010
122,122,KamranKhan,28.5,3,3,18,0,0,0,0,2010
123,123,PankajSingh,28,2,2,21,0,0,0,0,2010
124,124,BrettLee,27.5,4,0,20,1,0,2,0,2010
125,125,ParthivPatel,27,4,0,0,6,2,0,2,2010
126,126,VVSLaxman,26,6,0,0,7,1,2,0,2010
127,127,KemarRoach,25,2,0,20,1,0,1,0,2010
128,128,KedarJadhav,24.5,5,0,0,7,2,0,0,2010
129,129,JoginderSharma,23.5,3,2,14,0,0,1,0,2010
130,130,ManpreetGony,23,3,1,17,0,0,1,0,2010
131,131,AbhishekRaut,23,6,0,0,3,3,2,0,2010
132,132,GraemeSmith,22.5,2,0,0,7,0,2,0,2010
133,133,VikramjeetMalik,22,3,1,16,1,0,0,0,2010
134,134,IqbalAbdulla,21.5,3,1,18,0,0,0,0,2010
135,135,MoisesHenriques,21,1,1,10,2,0,1,0,2010
136,136,MorneMorkel,20,2,0,15,1,0,1,0,2010
137,137,AbhishekNayar,19.5,3,0,0,4,2,1,0,2010
138,138,AjanthaMendis,19,2,2,12,0,0,0,0,2010
139,139,KPAppanna,18.5,2,1,15,0,0,0,0,2010
140,140,EoinMorgan,18.5,6,0,0,2,1,4,0,2010
141,141,BodapatiSumanth,17.5,5,0,0,3,0,4,0,2010
142,142,LoveAblish,17.5,2,3,7,0,0,0,0,2010
143,143,Roelofvan der Merwe,17.5,1,2,8,0,0,1,0,2010
144,144,NayanDoshi,17.5,1,1,14,0,0,0,0,2010
145,145,YAAbdulla,16.5,2,1,13,0,0,0,0,2010
146,146,AdrianBarath,16,3,0,0,5,1,0,0,2010
147,147,MarkBoucher,16,5,0,0,0,1,3,2,2010
148,148,DwayneSmith,15.5,3,1,6,1,1,0,0,2010
149,149,AmitUniyal,15,2,2,8,0,0,0,0,2010
150,150,VenugopalRao,14.5,6,0,1,3,1,1,0,2010
151,151,DhawalKulkarni,13.5,1,1,10,0,0,0,0,2010
152,152,KGoel,12,6,0,1,1,1,2,0,2010
153,153,MohammadKaif,10,4,0,0,2,0,2,0,2010
154,154,SSriram,9.5,1,0,2,3,0,0,0,2010
155,155,YoMahesh,8.5,1,1,5,0,0,0,0,2010
156,156,AbhimanyuMithun,8,1,1,2,1,0,0,0,2010
157,157,RSSodhi,7.5,3,0,0,1,0,2,0,2010
158,158,CMadan,7.5,1,0,0,3,0,0,0,2010
159,159,AaronFinch,6.5,1,0,3,0,1,0,0,2010
160,160,ShrikantWagh,5.5,1,1,2,0,0,0,0,2010
161,161,GeorgeBailey,5,1,0,0,2,0,0,0,2010
162,162,MichaelHussey,5,3,0,0,2,0,0,0,2010
163,163,ShreevatsGoswami,5,1,0,0,2,0,0,0,2010
164,164,BalachandraAkhil,3,1,0,3,0,0,0,0,2010
165,165,AzharBilakhia,2.5,1,0,0,0,0,1,0,2010
166,166,StuartBinny,2.5,1,0,0,1,0,0,0,2010
167,167,SAAsnodkar,2.5,2,0,0,1,0,0,0,2010
168,168,DamienMartyn,2.5,1,0,0,1,0,0,0,2010
169,169,RSGavaskar,2,2,0,2,0,0,0,0,2010
170,170,CGanapathy,1,1,0,1,0,0,0,0,2010
171,171,ArunKarthik,0,1,0,0,0,0,0,0,2010
172,172,ThisaraPerera,0,1,0,0,0,0,0,0,2010
173,173,AmitPaunikar,0,1,0,0,0,0,0,0,2010
0,,,,,,,,,,,2011
1,1,ChrisGayle,409.5,12,8,80,57,44,2,0,2011
2,2,LasithMalinga,294.5,16,28,183,0,1,4,0,2011
3,3,PaulValthaty,282.5,14,7,43,56,20,2,0,2011
4,4,YusufPathan,256.5,15,13,93,24,13,5,0,2011
5,5,ShaneWatson,246,11,6,78,31,17,4,0,2011
6,6,ViratKohli,241,16,2,23,55,16,7,0,2011
7,7,RavichandranAshwin,237,16,20,157,0,0,4,0,2011
8,8,JacquesKallis,237,15,7,54,46,6,9,0,2011
9,9,SureshRaina,235.5,16,4,62,36,17,4,0,2011
10,10,MunafPatel,229.5,15,22,145,0,0,3,0,2011
11,11,YuvrajSingh,228,14,9,61,24,18,5,0,2011
12,12,AmitMishra,227.5,14,19,130,9,1,2,0,2011
13,13,HarbhajanSingh,224.5,15,14,127,9,6,2,0,2011
14,14,IrfanPathan,223.5,14,11,124,12,6,4,0,2011
15,15,RavindraJadeja,219.5,14,8,90,20,14,1,0,2011
16,16,ShaunMarsh,215,14,0,0,52,20,6,0,2011
17,17,VirenderSehwag,213,11,0,0,51,18,9,0,2011
18,18,AlbieMorkel,212.5,15,15,102,8,8,4,0,2011
19,19,DanChristian,212,14,11,109,9,7,7,0,2011
20,20,RahulSharma,211,14,16,128,1,2,7,0,2011
21,21,ZaheerKhan,205,15,14,141,2,0,4,0,2011
22,22,SreenathArvind,201,13,21,115,2,0,3,0,2011
23,23,IqbalAbdulla,197,15,16,131,1,0,3,0,2011
24,24,AdamGilchrist,195.5,14,0,0,41,18,9,3,2011
25,25,SachinTendulkar,195,16,0,0,67,5,4,0,2011
26,26,RyanHarris,194.5,13,16,111,3,0,8,0,2011
27,27,DaleSteyn,193,12,14,134,3,0,1,0,2011
28,28,RPSingh,188,14,13,135,0,0,3,0,2011
29,29,PraveenKumar,185.5,13,10,137,2,1,2,0,2011
30,30,KieronPollard,184,16,10,73,12,6,10,0,2011
31,31,JesseRyder,184,13,4,29,37,11,4,0,2011
32,32,DougBollinger,183.5,13,17,114,0,0,4,0,2011
33,33,MorneMorkel,177.5,11,13,115,3,2,1,0,2011
34,34,JohanBotha,177.5,10,7,81,20,2,6,0,2011
35,35,DanielVettori,177,13,12,119,1,1,4,0,2011
36,36,KumarSangakkara,175,13,0,0,44,5,17,2,2011
37,37,MichaelHussey,171,14,0,0,53,6,7,0,2011
38,38,ShaneWarne,170,13,13,117,1,0,2,0,2011
39,39,PiyushChawla,168.5,12,16,93,2,2,3,0,2011
40,40,VinayKumar,168.5,13,12,103,4,1,4,0,2011
41,41,MSDhoni,168,16,0,0,25,23,5,5,2011
42,42,MuraliVijay,167.5,16,0,0,34,20,5,0,2011
43,43,IshantSharma,167,12,11,121,0,0,3,0,2011
44,44,ShikharDhawan,165.5,14,1,5,47,7,6,0,2011
45,45,AmbatiRayudu,164.5,16,0,3,44,9,7,1,2011
46,46,BradHodge,151.5,14,7,28,26,9,1,0,2011
47,47,JamesHopes,150.5,10,7,53,22,3,3,0,2011
48,48,BrendonMcCullum,148.5,13,0,0,35,16,2,0,2011
49,49,RohitSharma,147,16,0,4,32,13,7,0,2011
50,50,RobinUthappa,140,14,0,0,27,10,12,3,2011
51,51,AlfonsoThomas,139.5,11,11,96,0,0,2,0,2011
52,52,ShadabJakati,137.5,15,10,80,0,0,9,0,2011
53,53,VenugopalRao,133.5,14,0,3,30,13,4,0,2011
54,54,DavidWarner,133.5,13,0,0,34,11,4,0,2011
55,55,ManojTiwary,133,15,0,4,26,14,6,0,2011
56,56,BrettLee,130.5,12,5,108,0,0,2,0,2011
57,57,SubramaniamBadrinath,129,16,0,0,38,9,1,0,2011
58,58,LakshmipathyBalaji,129,14,10,89,0,0,2,0,2011
59,59,PragyanOjha,126,10,10,86,0,0,2,0,2011
60,60,RahulDravid,124.5,12,0,0,45,2,2,0,2011
61,61,ABde Villiers,124,16,0,0,21,14,7,2,2011
62,62,GautamGambhir,123,15,0,0,44,3,1,0,2011
63,63,DineshKarthik,122,14,0,0,32,7,7,0,2011
64,64,ShanthakumaranSreesanth,121,9,7,94,0,0,1,0,2011
65,65,MahelaJayawardene,120,13,0,0,35,5,6,0,2011
66,66,WayneParnell,117.5,8,9,75,2,1,1,0,2011
67,67,TillakaratneDilshan,115,10,1,16,33,3,1,0,2011
68,68,JPDuminy,113.5,10,4,44,9,8,2,0,2011
69,69,AbhimanyuMithun,113,12,5,67,3,1,7,0,2011
70,70,ShakibAl Hasan,107.5,7,11,59,4,0,0,0,2011
71,71,AmitSingh,106.5,9,9,75,0,0,0,0,2011
72,72,AshokMenaria,104.5,13,2,30,10,10,3,0,2011
73,73,ManishPandey,103.5,10,0,0,28,6,5,0,2011
74,74,RajatBhatia,101.5,14,8,56,3,0,4,0,2011
75,75,SiddharthTrivedi,101,12,10,66,0,0,0,0,2011
76,76,SunnySohal,97.5,11,0,0,25,10,0,0,2011
77,77,ParthivPatel,92,14,0,0,25,2,8,1,2011
78,78,BhargavBhatt,89,10,9,55,0,0,1,0,2011
79,79,SurajRandiv,86,8,6,60,0,0,2,0,2011
80,80,NamanOjha,86,14,0,0,11,11,8,0,2011
81,81,ShalabhSrivastava,82,6,8,49,0,0,2,0,2011
82,82,AjitAgarkar,76.5,7,8,46,1,0,0,0,2011
83,83,DwayneBravo,74.5,6,6,40,1,1,3,0,2011
84,84,RyanMcLaren,73.5,6,5,30,7,1,2,0,2011
85,85,ShaunTait,73,4,6,42,1,0,3,0,2011
86,86,BharatChipli,70,14,0,1,21,4,1,0,2011
87,87,DwarakaRavi Teja,70,12,0,1,17,4,5,0,2011
88,88,AidenBlizzard,69.5,6,0,0,21,2,4,0,2011
89,89,AliMurtaza,69,5,3,56,0,0,1,0,2011
90,90,RaiphiGomez,66.5,11,5,33,4,1,1,0,2011
91,91,JaydevUnadkat,66,7,6,40,0,0,2,0,2011
92,92,MitchellMarsh,65,5,7,25,2,3,0,0,2011
93,93,SaurabhTiwary,62.5,16,0,0,13,5,5,0,2011
94,94,DhawalKulkarni,62,6,5,42,0,0,1,0,2011
95,95,RossTaylor,62,12,0,0,11,7,4,0,2011
96,96,JamesFranklin,61.5,8,3,14,10,2,2,0,2011
97,97,MayankAgarwal,61.5,8,0,0,16,4,3,0,2011
98,98,Roelofvan der Merwe,61,4,5,36,1,0,2,0,2011
99,99,EoinMorgan,60.5,12,0,0,17,3,3,0,2011
100,100,ShrikantWagh,59.5,7,4,43,0,0,1,0,2011
101,101,AndrewSymonds,59,11,1,10,9,3,5,0,2011
102,102,AshokDinda,58.5,6,5,41,0,0,0,0,2011
103,103,TimSouthee,57,5,4,43,0,0,0,0,2011
104,104,MithunManhas,56.5,10,0,15,8,4,3,0,2011
105,105,MuttiahMuralitharan,55.5,5,2,46,0,0,1,0,2011
106,106,PParameswaran,55,5,4,41,0,0,0,0,2011
107,107,SyedMohammad,54,5,5,29,2,0,1,0,2011
108,108,ShahbazNadeem,51,5,4,37,0,0,0,0,2011
109,109,UmeshYadav,50.5,7,2,36,0,0,3,0,2011
110,110,AbhishekNayar,49.5,10,2,15,9,0,2,0,2011
111,111,DavyJacobs,49,6,0,0,10,4,2,2,2011
112,112,MuraliKartik,48.5,6,1,40,1,0,1,0,2011
113,113,CharlLangeveldt,48,3,5,27,0,1,0,0,2011
114,114,YogeshNagar,47,11,1,5,6,6,1,0,2011
115,115,BipulSharma,46,4,4,27,1,0,1,0,2011
116,116,SrikkanthAnirudha,45.5,9,0,0,6,3,8,0,2011
117,117,JJvan der Wath,45.5,3,3,29,1,1,0,0,2011
118,118,Ryanten Doeschate,45,6,0,0,9,5,2,0,2011
119,119,BhuvneshwarKumar,43.5,4,3,28,0,0,2,0,2011
120,120,TirumalasettiSuman,42,8,0,7,5,5,2,0,2011
121,121,ThisaraPerera,41,4,2,24,4,0,0,0,2011
122,122,DavidHussey,40.5,8,1,4,3,3,6,0,2011
123,123,AjinkyaRahane,39.5,10,0,0,12,2,1,0,2011
124,124,VarunAaron,38,4,2,31,0,0,0,0,2011
125,125,AbhishekRaut,36.5,7,0,8,5,1,5,0,2011
126,126,AaronFinch,33,6,0,5,3,3,4,0,2011
127,127,AsadPathan,31.5,6,0,7,5,2,2,0,2011
128,128,ManpreetGony,31,3,4,17,0,0,0,0,2011
129,129,AnandRajan,30.5,2,3,15,0,0,2,0,2011
130,130,AavishkarSalvi,30,2,3,17,0,0,1,0,2011
131,131,TravisBirt,29.5,5,0,0,9,2,0,0,2011
132,132,LukePomersbach,29.5,5,0,0,4,2,5,0,2011
133,133,RameshPowar,29,5,2,22,0,0,0,0,2011
134,134,HarmeetSingh Bansal,27.5,2,3,17,0,0,0,0,2011
135,135,ManvinderBisla,27.5,5,0,0,8,0,1,2,2011
136,136,MohammadKaif,27.5,8,0,0,5,0,6,0,2011
137,137,CameronWhite,27,6,0,0,6,2,2,0,2011
138,138,ShreevatsGoswami,25,5,0,0,5,0,4,1,2011
139,139,AmitPaunikar,25,4,0,0,9,0,1,0,2011
140,140,WriddhimanSaha,24,7,0,0,2,4,2,0,2011
141,141,MichaelKlinger,22.5,4,0,0,9,0,0,0,2011
142,142,SunnySingh,21,6,0,0,6,1,1,0,2011
143,143,RyanNinan,21,2,3,8,0,0,1,0,2011
144,144,DirkNannes,20.5,2,2,11,0,0,1,0,2011
145,145,DishantYagnik,20,7,0,0,1,0,3,4,2011
146,146,MohnishMishra,19.5,6,0,0,5,2,0,0,2011
147,147,AnkeetChavan,19.5,2,0,17,0,0,1,0,2011
148,148,CallumFerguson,17.5,5,0,0,6,0,1,0,2011
149,149,GraemeSmith,17.5,4,0,0,6,0,1,0,2011
150,150,RajagopalSathish,17,9,0,7,1,0,3,0,2011
151,151,SouravGanguly,17,4,0,0,3,2,1,0,2011
152,152,MandeepSingh,16,6,0,0,4,1,1,0,2011
153,153,AbhishekJhunjhunwala,16,3,0,1,2,0,4,0,2011
154,154,NathanMcCullum,16,2,0,10,0,1,1,0,2011
155,155,YGnaneswara Rao,15.5,2,0,3,3,0,2,0,2011
156,156,StuartBinny,14.5,6,0,1,2,1,2,0,2011
157,157,VVSLaxman,14.5,3,0,0,3,2,0,0,2011
158,158,OwaisShah,14.5,3,0,0,1,2,2,0,2011
159,159,NayanDoshi,13.5,3,1,10,0,0,0,0,2011
160,160,CheteshwarPujara,12.5,7,0,0,4,0,1,0,2011
161,161,NuwanKulasekara,10.5,1,1,7,0,0,0,0,2011
162,162,SarabjitLadda,10.5,2,0,8,0,0,1,0,2011
163,163,JamesFaulkner,10.5,1,1,7,0,0,0,0,2011
164,164,PankajSingh,10.5,1,0,3,0,0,3,0,2011
165,165,IshankJaggi,10,2,0,0,3,0,1,0,2011
166,166,NathanRimmington,9,1,0,9,0,0,0,0,2011
167,167,BradHaddin,8.5,1,0,0,2,1,0,0,2011
168,168,SSMundhe,7.5,1,1,4,0,0,0,0,2011
169,169,FaizFazal,7.5,2,0,0,3,0,0,0,2011
170,170,ArunKarthik,7.5,3,0,0,1,0,2,0,2011
171,171,BalachandraAkhil,7.5,1,0,4,0,1,0,0,2011
172,172,KedarJadhav,7.5,6,0,0,1,0,2,0,2011
173,173,SachinRana,7,2,0,2,2,0,0,0,2011
174,174,ScottStyris,6,2,0,1,1,0,1,0,2011
175,175,JacobOram,5.5,2,1,2,0,0,0,0,2011
176,176,JoginderSharma,5,1,0,5,0,0,0,0,2011
177,177,ColinIngram,5,3,0,0,2,0,0,0,2011
178,178,AndrewMcDonald,5,1,0,5,0,0,0,0,2011
179,179,LaxmiRatan Shukla,5,1,0,0,2,0,0,0,2011
180,180,HarpreetSingh,5,2,0,0,0,0,2,0,2011
181,181,KamranKhan,5,1,0,5,0,0,0,0,2011
182,182,PinalShah,5,2,0,0,1,0,0,1,2011
183,183,LoveAblish,3,1,0,3,0,0,0,0,2011
184,184,VikramjeetMalik,3,1,0,3,0,0,0,0,2011
185,185,PPrasanth,3,1,0,3,0,0,0,0,2011
186,186,KedarDevdhar,2.5,1,0,0,0,0,0,1,2011
187,187,MichaelLumb,2.5,1,0,0,0,0,1,0,2011
188,188,IMalhotra,2.5,1,0,0,1,0,0,0,2011
189,189,SiddharthChitnis,2.5,1,0,0,1,0,0,0,2011
190,190,MarkBoucher,2.5,4,0,0,0,0,1,0,2011
191,191,SAAsnodkar,2.5,1,0,0,1,0,0,0,2011
192,192,AbrarKazi,2,1,0,2,0,0,0,0,2011
193,193,UnmuktChand,0,2,0,0,0,0,0,0,2011
194,194,SSriram,0,1,0,0,0,0,0,0,2011
195,195,MatthewWade,0,3,0,0,0,0,0,0,2011
196,196,TimPaine,0,2,0,0,0,0,0,0,2011
0,,,,,,,,,,,2012
1,1,ChrisGayle,331.5,15,0,5,46,59,2,0,2012
2,2,DwayneBravo,305,19,15,110,20,20,9,0,2012
3,3,JacquesKallis,289.5,17,15,112,34,10,2,0,2012
4,4,LasithMalinga,257.5,14,22,145,4,3,6,0,2012
5,5,SunilNarine,255.5,15,24,164,2,0,1,0,2012
6,6,IrfanPathan,249,17,8,145,14,6,8,0,2012
7,7,AjinkyaRahane,245,16,0,0,73,10,11,0,2012
8,8,MorneMorkel,244,16,25,154,0,0,1,0,2012
9,9,ShikharDhawan,243,15,3,12,58,18,5,0,2012
10,10,KieronPollard,242.5,14,16,85,15,14,6,0,2012
11,11,VirenderSehwag,233.5,16,0,7,57,19,7,0,2012
12,12,AzharMahmood,229.5,11,14,95,16,8,7,0,2012
13,13,GautamGambhir,229.5,17,0,0,64,17,4,0,2012
14,14,PiyushChawla,224,16,16,124,9,4,3,0,2012
15,15,ZaheerKhan,220.5,16,17,146,1,0,5,0,2012
16,16,UmeshYadav,219,17,19,145,0,0,3,0,2012
17,17,VinayKumar,219,15,19,123,3,2,6,0,2012
18,18,DaleSteyn,214.5,12,18,138,0,1,4,0,2012
19,19,SureshRaina,212,19,2,21,36,19,11,0,2012
20,20,PraveenKumar,210.5,16,9,168,2,1,1,0,2012
21,21,RavichandranAshwin,207.5,19,14,141,2,0,5,0,2012
22,22,AlbieMorkel,202,16,13,118,5,6,2,0,2012
23,23,ShaneWatson,202,7,6,62,26,14,2,0,2012
24,24,HarbhajanSingh,198.5,17,6,117,14,3,6,0,2012
25,25,RohitSharma,194,17,0,1,39,18,13,0,2012
26,26,MunafPatel,188,12,15,123,0,0,5,0,2012
27,27,RahulDravid,184,16,0,0,63,4,5,0,2012
28,28,CameronWhite,181,13,0,1,41,20,3,0,2012
29,29,MandeepSingh,180,16,1,7,53,7,5,0,2012
30,30,ParvinderAwana,179,12,17,112,0,0,3,0,2012
31,31,RavindraJadeja,176,19,12,65,13,9,2,0,2012
32,32,DavidHussey,164,16,3,14,28,17,4,0,2012
33,33,RajatBhatia,153.5,17,13,83,4,0,6,0,2012
34,34,RobinUthappa,152.5,16,0,0,38,10,6,3,2012
35,35,BenHilfenhaus,152,9,14,103,0,0,0,0,2012
36,36,MuraliVijay,147.5,14,0,0,39,10,6,0,2012
37,37,RPSingh,145.5,11,10,103,0,0,3,0,2012
38,38,SiddharthTrivedi,145.5,14,13,90,0,0,4,0,2012
39,39,BrettLee,145,10,7,99,2,4,1,0,2012
40,40,KevinPietersen,142.5,8,0,10,22,20,3,0,2012
41,41,AshishNehra,142.5,13,11,99,1,0,1,0,2012
42,42,Fafdu Plessis,142,13,0,0,29,17,4,0,2012
43,43,ShaunMarsh,142,13,0,0,39,7,8,0,2012
44,44,BrendonMcCullum,140.5,12,0,0,37,3,9,6,2012
45,45,ABde Villiers,140,16,0,0,26,15,4,5,2012
46,46,AmitMishra,139.5,14,13,89,1,0,1,0,2012
47,47,JohanBotha,139.5,11,9,87,4,1,3,0,2012
48,48,MuttiahMuralitharan,139.5,10,15,82,0,0,2,0,2012
49,49,ShakibAl Hasan,138,8,12,68,6,3,1,0,2012
50,50,NamanOjha,135.5,18,0,0,21,13,13,2,2012
51,51,DanChristian,135,7,8,51,8,6,6,0,2012
52,52,SteveSmith,134,15,0,0,24,14,10,0,2012
53,53,ViratKohli,133.5,16,0,2,33,9,7,0,2012
54,54,HarshalPatel,132,12,9,78,1,0,8,0,2012
55,55,MSDhoni,131.5,19,0,0,26,9,12,2,2012
56,56,MarlonSamuels,129,8,8,66,7,5,0,0,2012
57,57,OwaisShah,128.5,13,0,0,24,16,5,0,2012
58,58,LakshmipathyBalaji,125,8,11,84,0,0,1,0,2012
59,59,BhuvneshwarKumar,124,11,8,86,4,0,0,0,2012
60,60,ShahbazNadeem,123.5,12,8,88,0,0,3,0,2012
61,61,MahelaJayawardene,123,16,0,0,39,3,6,0,2012
62,62,MayankAgarwal,122.5,16,0,0,19,15,9,0,2012
63,63,DavidWarner,121.5,8,0,0,28,14,1,0,2012
64,64,SouravGanguly,121,15,2,10,30,4,6,0,2012
65,65,TillakaratneDilshan,119,10,0,9,33,5,4,0,2012
66,66,ShadabJakati,117.5,15,9,76,0,0,4,0,2012
67,67,JamesFranklin,114.5,12,6,25,15,6,4,0,2012
68,68,YusufPathan,113.5,17,3,46,10,7,3,0,2012
69,69,BradHogg,113,9,10,73,1,0,1,0,2012
70,70,JPDuminy,111.5,9,1,22,13,11,6,0,2012
71,71,SachinTendulkar,111.5,13,0,0,39,4,0,0,2012
72,72,KevonCooper,110,6,10,52,3,3,2,0,2012
73,73,JesseRyder,109,11,1,10,23,8,4,0,2012
74,74,RahulSharma,108.5,11,9,72,0,0,2,0,2012
75,75,AngeloMathews,108.5,9,7,50,5,4,3,0,2012
76,76,MichaelHussey,108,8,0,0,28,8,4,0,2012
77,77,DwayneSmith,107,7,2,28,18,7,1,0,2012
78,78,AmbatiRayudu,106.5,17,0,0,21,14,2,0,2012
79,79,VeerPratap Singh,106,9,10,71,0,0,0,0,2012
80,80,MuraliKartik,106,11,4,76,1,1,4,0,2012
81,81,VarunAaron,103.5,8,8,73,0,0,1,0,2012
82,82,DanielVettori,102,9,5,66,3,1,3,0,2012
83,83,PragyanOjha,100,9,9,66,0,0,1,0,2012
84,84,DineshKarthik,99.5,17,0,0,30,2,5,2,2012
85,85,BradHodge,99.5,12,1,2,18,9,7,0,2012
86,86,AshishReddy,98,9,10,52,3,1,0,0,2012
87,87,AmitSingh,95.5,9,10,58,0,0,1,0,2012
88,88,ManvinderBisla,95,7,0,0,16,10,6,2,2012
89,89,AshokDinda,95,7,9,61,0,0,1,0,2012
90,90,PawanNegi,92,8,7,49,4,1,2,0,2012
91,91,AnkeetChavan,89.5,8,7,55,2,0,2,0,2012
92,92,KumarSangakkara,89,12,0,0,21,4,9,0,2012
93,93,ShaunTait,88.5,6,6,65,0,0,1,0,2012
94,94,ManojTiwary,88,16,0,0,21,3,10,0,2012
95,95,RyanHarris,87,5,8,48,1,1,2,0,2012
96,96,AnkitSharma,83,9,4,62,0,2,0,0,2012
97,97,AshokMenaria,81.5,15,1,10,14,8,2,0,2012
98,98,PankajSingh,81.5,6,7,57,0,0,0,0,2012
99,99,DougBollinger,79,6,8,46,0,0,2,0,2012
100,100,AdamGilchrist,79,7,0,0,21,4,5,0,2012
101,101,ParthivPatel,76.5,14,0,0,19,4,5,1,2012
102,102,WayneParnell,76,6,5,51,2,0,1,0,2012
103,103,NitinSaini,72.5,10,0,0,16,0,11,2,2012
104,104,IqbalAbdulla,72.5,9,4,46,0,0,5,0,2012
105,105,SubramaniamBadrinath,72,15,0,0,23,2,3,0,2012
106,106,ManpreetGony,71,6,3,58,0,0,1,0,2012
107,107,DimitriMascarenhas,67,4,7,35,1,0,2,0,2012
108,108,NuwanKulasekara,64.5,5,4,38,1,0,4,0,2012
109,109,HarmeetSingh Bansal,64,7,6,33,3,0,1,0,2012
110,110,AjitChandila,64,4,5,39,0,0,3,0,2012
111,111,RossTaylor,62,12,0,0,12,7,3,0,2012
112,112,MichaelClarke,61.5,6,2,22,12,0,1,0,2012
113,113,StuartBinny,61,8,3,15,9,3,1,0,2012
114,114,ManishPandey,58.5,10,0,0,12,6,3,0,2012
115,115,KPAppanna,58.5,7,6,35,0,0,1,0,2012
116,116,SaurabhTiwary,58,15,0,0,9,8,3,0,2012
117,117,AndrewMcDonald,57.5,4,5,18,6,2,0,0,2012
118,118,DebabrataDas,56,15,0,0,9,6,5,0,2012
119,119,DanielHarris,54,4,0,4,11,5,2,0,2012
120,120,YogeshNagar,54,13,0,1,13,3,4,0,2012
121,121,DhawalKulkarni,54,2,6,23,2,0,2,0,2012
122,122,LaxmiRatan Shukla,51,11,1,5,4,5,6,0,2012
123,123,AndreRussell,49.5,4,1,28,3,3,0,0,2012
124,124,MithunManhas,49,10,0,0,10,4,4,0,2012
125,125,AlfonsoThomas,49,4,3,30,1,1,1,0,2012
126,126,RobinPeterson,45,5,3,21,3,1,1,0,2012
127,127,RichardLevi,44,6,0,0,10,4,2,0,2012
128,128,GurkeeratMann Singh,42,5,0,0,12,2,2,0,2012
129,129,BipulSharma,41,5,0,13,6,3,1,0,2012
130,130,VenugopalRao,40.5,10,0,3,8,5,0,0,2012
131,131,BhargavBhatt,36.5,5,2,26,0,1,0,0,2012
132,132,AjitAgarkar,35.5,4,3,20,0,0,2,0,2012
133,133,Roelofvan der Merwe,35.5,3,2,26,0,0,1,0,2012
134,134,ShreevatsGoswami,33.5,11,0,0,4,1,4,4,2012
135,135,DavidMiller,31.5,6,0,0,6,4,1,0,2012
136,136,YoMahesh,31,5,3,18,0,0,1,0,2012
137,137,AnandRajan,28.5,4,3,18,0,0,0,0,2012
138,138,AbhishekJhunjhunwala,28.5,5,1,14,1,1,2,0,2012
139,139,AkshathReddy,28.5,5,1,3,6,2,0,0,2012
140,140,JuanTheron,27.5,2,2,18,1,0,0,0,2012
141,141,Marchantde Lange,27.5,3,3,17,0,0,0,0,2012
142,142,JamesFaulkner,27,2,3,14,0,0,1,0,2012
143,143,HerschelleGibbs,27,3,0,0,8,2,0,0,2012
144,144,DougBracewell,25.5,1,3,10,1,0,1,0,2012
145,145,AnustupMajumdar,24.5,4,0,0,7,2,0,0,2012
146,146,SiddharthChitnis,23.5,6,0,0,7,1,1,0,2012
147,147,TPSudhindra,21.5,3,1,18,0,0,0,0,2012
148,148,AaronFinch,20,2,0,0,8,0,0,0,2012
149,149,UnmuktChand,18,2,0,0,2,3,1,0,2012
150,150,ClintMcKay,17.5,2,1,14,0,0,0,0,2012
151,151,DishantYagnik,17.5,5,0,0,5,0,2,0,2012
152,152,BharatChipli,17,5,0,0,3,2,1,0,2012
153,153,Ryanten Doeschate,14,3,1,2,1,1,1,0,2012
154,154,PaulValthaty,13.5,6,0,1,4,0,1,0,2012
155,155,KrishnakantUpadhyay,13.5,1,0,10,0,1,0,0,2012
156,156,SreenathArvind,12.5,1,0,5,3,0,0,0,2012
157,157,CheteshwarPujara,11,3,0,0,1,1,2,0,2012
158,158,SyedMohammad,10.5,2,0,8,1,0,0,0,2012
159,159,CallumFerguson,10,4,0,0,3,0,1,0,2012
160,160,SrikkanthAnirudha,9.5,4,0,0,1,2,0,0,2012
161,161,GlennMaxwell,9.5,2,1,6,0,0,0,0,2012
162,162,AbhishekNayar,8.5,4,0,0,2,1,0,0,2012
163,163,PradeepSangwan,8.5,1,1,5,0,0,0,0,2012
164,164,TirumalasettiSuman,8.5,2,0,0,1,1,1,0,2012
165,165,ThisaraPerera,7,2,0,2,0,0,2,0,2012
166,166,ChrisLynn,5,1,0,0,1,0,1,0,2012
167,167,AbuNechim,5,1,0,5,0,0,0,0,2012
168,168,RahulShukla,5,1,0,5,0,0,0,0,2012
169,169,AliMurtaza,5,1,0,5,0,0,0,0,2012
170,170,AbhimanyuMithun,5,1,0,5,0,0,0,0,2012
171,171,RameshPowar,3,1,0,3,0,0,0,0,2012
172,172,IshankJaggi,2.5,3,0,0,0,0,1,0,2012
173,173,TanmayMishra,2.5,1,0,0,0,0,1,0,2012
174,174,DwarakaRavi Teja,2.5,2,0,0,1,0,0,0,2012
175,175,ParasDogra,2.5,3,0,0,0,0,1,0,2012
176,176,DavyJacobs,2.5,1,0,0,0,0,1,0,2012
177,177,MohnishMishra,2.5,1,0,0,1,0,0,0,2012
178,178,MohammadKaif,2.5,1,0,0,1,0,0,0,2012
179,179,RajuBhatkal,2.5,1,0,0,0,0,1,0,2012
180,180,JaydevUnadkat,2,1,0,2,0,0,0,0,2012
181,181,LukeWright,2,1,0,2,0,0,0,0,2012
182,182,AsadPathan,2,2,0,2,0,0,0,0,2012
183,183,WriddhimanSaha,0,4,0,0,0,0,0,0,2012
184,184,BiplapSamantray,0,1,0,0,0,0,0,0,2012
185,185,SunnyGupta,0,1,0,0,0,0,0,0,2012
186,186,SuryakumarYadav,0,1,0,0,0,0,0,0,2012
187,187,AidenBlizzard,0,1,0,0,0,0,0,0,2012
188,188,HarpreetSingh,0,1,0,0,0,0,0,0,2012
189,189,ArunKarthik,0,1,0,0,0,0,0,0,2012
0,,,,,,,,,,,2013
1,1,ShaneWatson,386,16,13,101,59,22,6,0,2013
2,2,ChrisGayle,349,16,3,10,57,51,3,0,2013
3,3,DwayneBravo,320,18,32,135,11,3,14,0,2013
4,4,HarbhajanSingh,317,19,24,163,12,5,9,0,2013
5,5,DaleSteyn,304.5,17,19,211,5,2,3,0,2013
6,6,MitchellJohnson,301.5,17,24,188,2,2,7,0,2013
7,7,KieronPollard,294,18,10,60,27,29,12,0,2013
8,8,ThisaraPerera,294,16,19,136,12,14,5,0,2013
9,9,MichaelHussey,287,17,0,0,81,17,10,0,2013
10,10,JamesFaulkner,286,16,28,161,5,2,3,0,2013
11,11,SunilNarine,279,16,22,180,0,2,6,0,2013
12,12,JacquesKallis,273.5,16,16,112,35,3,3,0,2013
13,13,ViratKohli,254.5,16,0,0,64,22,7,0,2013
14,14,AmitMishra,252,17,21,151,9,0,2,0,2013
15,15,VinayKumar,250,16,23,124,6,3,8,0,2013
16,16,MohitSharma,236,15,20,161,0,0,2,0,2013
17,17,BhuvneshwarKumar,228.5,16,13,167,3,1,2,0,2013
18,18,IshantSharma,227.5,16,15,160,0,0,6,0,2013
19,19,LasithMalinga,227,17,20,147,1,0,3,0,2013
20,20,AzharMahmood,226.5,11,15,99,22,5,1,0,2013
21,21,RavindraJadeja,219,18,13,95,17,6,6,0,2013
22,22,DineshKarthik,219,19,0,0,54,14,12,2,2013
23,23,SureshRaina,218.5,18,1,2,50,18,10,0,2013
24,24,PraveenKumar,217.5,15,12,155,3,3,1,0,2013
25,25,IrfanPathan,212,15,10,134,9,3,4,0,2013
26,26,MSDhoni,210,18,0,0,32,25,15,2,2013
27,27,RohitSharma,206,19,0,3,35,28,7,0,2013
28,28,UmeshYadav,205.5,16,16,126,3,1,5,0,2013
29,29,AaronFinch,204.5,14,1,5,54,16,2,0,2013
30,30,KevonCooper,201.5,14,19,98,4,2,8,0,2013
31,31,DwayneSmith,200.5,13,2,7,40,19,8,0,2013
32,32,RavichandranAshwin,193.5,18,15,121,4,0,4,0,2013
33,33,StuartBinny,190,17,6,57,25,12,3,0,2013
34,34,ParvinderAwana,188,14,15,133,0,0,1,0,2013
35,35,RahulDravid,185,18,0,0,64,5,3,0,2013
36,36,PiyushChawla,181,16,11,117,5,3,1,0,2013
37,37,ChrisMorris,178,16,15,113,0,0,5,0,2013
38,38,RaviRampaul,175.5,10,13,109,3,1,4,0,2013
39,39,DavidMiller,174,12,0,0,28,24,8,0,2013
40,40,SiddharthTrivedi,174,17,12,122,0,0,4,0,2013
41,41,AshokDinda,171,13,16,105,1,0,3,0,2013
42,42,PragyanOjha,169,16,16,108,0,0,2,0,2013
43,43,AjinkyaRahane,168.5,18,0,0,42,11,10,0,2013
44,44,LakshmipathyBalaji,167.5,13,12,113,1,0,4,0,2013
45,45,DavidWarner,166.5,16,0,0,41,14,6,0,2013
46,46,RobinUthappa,164.5,16,0,0,42,12,7,0,2013
47,47,KarnSharma,158.5,13,11,88,6,2,4,0,2013
48,48,AdamGilchrist,158,13,1,1,41,6,12,0,2013
49,49,ABde Villiers,157.5,14,0,0,34,15,8,0,2013
50,50,YusufPathan,151.5,16,1,14,30,14,4,0,2013
51,51,GautamGambhir,150,16,0,0,51,5,2,0,2013
52,52,YuvrajSingh,150,13,6,39,14,15,1,0,2013
53,53,JaydevUnadkat,150,13,13,102,0,0,1,0,2013
54,54,DarrenSammy,148,10,8,50,11,10,3,0,2013
55,55,MoisesHenriques,147.5,10,7,50,20,3,5,0,2013
56,56,RPSingh,143.5,11,13,88,0,0,4,0,2013
57,57,ShahbazNadeem,141.5,12,9,95,1,0,5,0,2013
58,58,MorneMorkel,141,10,7,91,6,3,0,0,2013
59,59,VirenderSehwag,136,13,0,0,41,6,5,0,2013
60,60,ManvinderBisla,136,14,0,0,36,6,7,3,2013
61,61,EoinMorgan,130.5,14,0,0,28,13,6,0,2013
62,62,MahelaJayawardene,128.5,15,0,0,39,6,4,0,2013
63,63,RajatBhatia,128,15,11,59,8,3,0,0,2013
64,64,AngeloMathews,127.5,11,5,50,5,10,5,0,2013
65,65,MitchellMarsh,127,9,7,35,6,10,7,0,2013
66,66,ParthivPatel,126.5,13,0,0,37,4,5,3,2013
67,67,AshishNehra,125,10,11,84,0,0,1,0,2013
68,68,RahulSharma,124,11,9,85,1,0,2,0,2013
69,69,SachinTendulkar,122.5,14,0,0,38,5,4,0,2013
70,70,ShaunMarsh,119,8,0,0,39,4,3,0,2013
71,71,ShikharDhawan,117.5,10,0,0,37,5,3,0,2013
72,72,BradHodge,117,17,0,3,27,9,6,0,2013
73,73,MuraliVijay,115.5,15,0,0,27,8,8,0,2013
74,74,MuraliKartik,112.5,11,9,71,0,0,4,0,2013
75,75,SachithraSenanayake,109.5,8,9,73,0,0,2,0,2013
76,76,ManpreetGony,107,8,7,62,4,3,0,0,2013
77,77,MandeepSingh,105,16,0,0,36,0,6,0,2013
78,78,AlbieMorkel,104,8,7,59,2,3,2,0,2013
79,79,CameronWhite,103,13,1,5,18,7,10,0,2013
80,80,DavidHussey,100,12,0,19,20,6,4,0,2013
81,81,SanjuSamson,97.5,11,0,0,19,5,13,0,2013
82,82,AjitChandila,95,8,6,64,0,0,4,0,2013
83,83,AmbatiRayudu,89,19,0,0,22,4,8,0,2013
84,84,ShanthakumaranSreesanth,84.5,7,5,67,0,0,0,0,2013
85,85,JohanBotha,83,6,5,37,5,1,5,0,2013
86,86,DhawalKulkarni,81,6,8,53,0,0,0,0,2013
87,87,BenRohrer,78.5,8,0,1,21,5,3,0,2013
88,88,HanumaVihari,76.5,17,1,17,17,1,4,0,2013
89,89,AshishReddy,75.5,12,3,10,8,5,7,0,2013
90,90,LukeWright,74.5,6,2,12,16,3,2,0,2013
91,91,DirkNannes,71.5,5,4,50,0,0,3,0,2013
92,92,MananVohra,69.5,12,0,0,22,2,3,0,2013
93,93,SandeepSharma,69,4,8,41,0,0,0,0,2013
94,94,DishantYagnik,67,12,0,0,17,2,6,1,2013
95,95,UnmuktChand,66.5,9,0,0,17,4,4,0,2013
96,96,IqbalAbdulla,65.5,5,7,41,0,0,0,0,2013
97,97,JasonHolder,61.5,6,2,47,0,0,3,0,2013
98,98,SteveSmith,61.5,7,0,0,15,4,4,0,2013
99,99,SiddarthKaul,60.5,6,4,44,0,0,1,0,2013
100,100,BrettLee,60,3,4,34,1,2,1,0,2013
101,101,ManojTiwary,58.5,10,0,0,12,1,10,0,2013
102,102,WayneParnell,56.5,4,6,33,0,0,1,0,2013
103,103,RishiDhawan,56,6,2,34,3,0,3,0,2013
104,104,MuttiahMuralitharan,55,6,3,42,0,0,1,0,2013
105,105,ManishPandey,53,7,0,0,11,3,6,0,2013
106,106,KedarJadhav,52.5,12,0,0,8,5,4,2,2013
107,107,AdityaTare,52.5,5,0,0,14,5,0,0,2013
108,108,GurkeeratMann Singh,48,11,0,0,10,3,4,1,2013
109,109,HarmeetSingh Bansal,47,3,5,27,0,0,1,0,2013
110,110,BiplapSamantray,47,8,0,0,13,2,3,0,2013
111,111,RyanHarris,43.5,3,1,40,0,0,0,0,2013
112,112,KaneRichardson,43.5,3,2,28,2,1,0,0,2013
113,113,MunafPatel,42.5,4,3,32,0,0,0,0,2013
114,114,RajagopalSathish,41,9,0,1,9,5,0,0,2013
115,115,Roelofvan der Merwe,40.5,3,3,25,2,0,0,0,2013
116,116,KumarSangakkara,40,9,0,0,13,0,3,0,2013
117,117,ArunKarthik,38.5,12,0,0,3,1,9,2,2013
118,118,ZaheerKhan,38,2,5,18,0,0,1,0,2013
119,119,CheteshwarPujara,37.5,4,0,0,14,0,1,0,2013
120,120,VikramjeetMalik,37,3,2,30,0,0,0,0,2013
121,121,Ryanten Doeschate,36,4,0,4,9,2,1,0,2013
122,122,AjanthaMendis,36,3,2,29,0,0,0,0,2013
123,123,DebabrataDas,35,10,0,0,5,5,2,0,2013
124,124,AbhishekNayar,35,11,2,13,5,0,1,0,2013
125,125,TillakaratneDilshan,35,5,0,0,12,0,2,0,2013
126,126,AbuNechim,34,2,3,21,0,0,1,0,2013
127,127,AnandRajan,33.5,2,2,24,0,0,1,0,2013
128,128,MayankAgarwal,33,5,0,0,6,3,3,0,2013
129,129,AliMurtaza,32.5,3,3,17,1,0,1,0,2013
130,130,TirumalasettiSuman,31.5,7,1,3,8,0,2,0,2013
131,131,AnkeetChavan,31.5,3,1,28,0,0,0,0,2013
132,132,ManpreetJuneja,31,7,0,0,11,1,0,0,2013
133,133,RahulShukla,30.5,3,3,15,0,0,2,0,2013
134,134,SubramaniamBadrinath,30,18,0,0,11,0,1,0,2013
135,135,RyanMcLaren,30,2,3,17,0,0,1,0,2013
136,136,WriddhimanSaha,29,3,0,0,6,4,0,0,2013
137,137,SaurabhTiwary,29,9,0,0,4,4,2,0,2013
138,138,AkshathReddy,27.5,7,0,0,9,0,2,0,2013
139,139,JaspritBumrah,26.5,2,3,16,0,0,0,0,2013
140,140,ShaunTait,26.5,3,1,23,0,0,0,0,2013
141,141,MohammedShami,24.5,3,1,21,0,0,0,0,2013
142,142,PravinTambe,23.5,3,1,20,0,0,0,0,2013
143,143,SyedMohammad,23,4,3,10,1,0,0,0,2013
144,144,GlennMaxwell,21,3,0,2,1,4,1,0,2013
145,145,NathanCoulter-Nile,20.5,1,1,11,0,1,1,0,2013
146,146,AjitAgarkar,19.5,4,0,17,0,0,1,0,2013
147,147,JeevanMendis,19.5,3,1,11,0,0,2,0,2013
148,148,MarlonSamuels,16.5,2,1,8,1,0,1,0,2013
149,149,LukePomersbach,16,3,0,0,5,1,0,0,2013
150,150,SumitNarwal,16,2,0,6,4,0,0,0,2013
151,151,RickyPonting,16,6,0,0,3,1,2,0,2013
152,152,BhargavBhatt,15.5,2,1,12,0,0,0,0,2013
153,153,LaxmiRatan Shukla,15.5,4,1,7,0,0,2,0,2013
154,154,ParveezRasool,15.5,2,1,12,0,0,0,0,2013
155,155,HarmeetSingh,15.5,1,1,12,0,0,0,0,2013
156,156,PawanSuyal,15,1,1,9,0,0,1,0,2013
157,157,LokeshRahul,15,5,0,0,4,0,2,0,2013
158,158,BipulSharma,14.5,1,1,11,0,0,0,0,2013
159,159,DanChristian,14,2,0,14,0,0,0,0,2013
160,160,CMGautam,13.5,3,0,0,4,1,0,0,2013
161,161,RossTaylor,13.5,5,0,0,2,1,2,0,2013
162,162,BenLaughlin,12.5,2,1,9,0,0,0,0,2013
163,163,AndreRussell,12.5,3,0,10,0,0,1,0,2013
164,164,KrishnakantUpadhyay,12.5,2,0,10,0,0,1,0,2013
165,165,AbhimanyuMithun,12.5,1,1,9,0,0,0,0,2013
166,166,Quintonde Kock,12.5,3,0,0,1,0,3,1,2013
167,167,AnkitRajpoot,11.5,2,1,8,0,0,0,0,2013
168,168,RaiphiGomez,11.5,2,0,4,1,0,2,0,2013
169,169,JacobOram,11,1,0,11,0,0,0,0,2013
170,170,IshwarPandey,10.5,2,1,7,0,0,0,0,2013
171,171,PradeepSangwan,9.5,2,0,7,1,0,0,0,2013
172,172,YuzvendraChahal,8,1,0,8,0,0,0,0,2013
173,173,MithunManhas,7.5,3,0,0,1,0,2,0,2013
174,174,KushalJanith Perera,7.5,2,0,0,3,0,0,0,2013
175,175,AndrewMcDonald,7.5,1,1,4,0,0,0,0,2013
176,176,AnkitSharma,7.5,1,0,5,0,0,1,0,2013
177,177,DimitriMascarenhas,7,1,0,7,0,0,0,0,2013
178,178,SamuelBadree,7,1,0,7,0,0,0,0,2013
179,179,SarabjitLadda,6.5,1,1,3,0,0,0,0,2013
180,180,BharatChipli,6,1,0,0,1,1,0,0,2013
181,181,NamanOjha,5,2,0,0,1,0,1,0,2013
182,182,MichaelNeser,5,1,0,5,0,0,0,0,2013
183,183,MaheshRawat,5,2,0,0,0,0,1,1,2013
184,184,UditBirla,5,2,0,0,1,0,1,0,2013
185,185,BradHogg,5,1,0,5,0,0,0,0,2013
186,186,OwaisShah,5,2,0,0,2,0,0,0,2013
187,187,SachinBaby,5,4,0,0,0,0,2,0,2013
188,188,PawanNegi,3,1,0,3,0,0,0,0,2013
189,189,BrendonMcCullum,2.5,1,0,0,1,0,0,0,2013
190,190,ParasDogra,2.5,1,0,0,0,0,1,0,2013
191,191,AbhinavMukund,2.5,1,0,0,1,0,0,0,2013
192,192,SrikkanthAnirudha,0,1,0,0,0,0,0,0,2013
193,193,VenugopalRao,0,1,0,0,0,0,0,0,2013
194,194,PaulValthaty,0,1,0,0,0,0,0,0,2013
195,195,AshokMenaria,0,1,0,0,0,0,0,0,2013
196,196,KarunNair,0,2,0,0,0,0,0,0,2013
197,197,DwarakaRavi Teja,0,2,0,0,0,0,0,0,2013
198,198,ThalaivanSargunam,0,1,0,0,0,0,0,0,2013
0,,,,,,,,,,,2014
1,1,GlennMaxwell,286,16,1,14,48,36,9,0,2014
2,2,DwayneSmith,285.5,16,4,15,50,34,5,0,2014
3,3,RobinUthappa,268,16,0,0,74,18,1,7,2014
4,4,SureshRaina,259,16,1,34,51,19,11,0,2014
5,5,AxarPatel,252.5,17,17,157,6,1,7,0,2014
6,6,ShakibAl Hasan,238.5,13,11,113,22,7,3,0,2014
7,7,SunilNarine,235.5,16,21,157,0,0,2,0,2014
8,8,BhuvneshwarKumar,227,14,20,152,0,0,2,0,2014
9,9,MitchellJohnson,225,14,17,135,4,3,4,0,2014
10,10,MitchellStarc,221,14,14,127,9,0,9,0,2014
11,11,RavindraJadeja,218.5,16,19,102,9,5,4,0,2014
12,12,VirenderSehwag,215.5,17,0,0,56,18,5,0,2014
13,13,YuvrajSingh,213.5,14,5,33,22,28,4,0,2014
14,14,HarbhajanSingh,206.5,14,14,138,2,2,3,0,2014
15,15,MohitSharma,206,16,23,118,0,0,3,0,2014
16,16,MorneMorkel,205,12,12,148,0,0,6,0,2014
17,17,DaleSteyn,203.5,14,11,145,1,0,7,0,2014
18,18,DavidWarner,201.5,14,0,0,39,24,8,0,2014
19,19,JPDuminy,200.5,14,3,60,22,20,2,0,2014
20,20,RavichandranAshwin,198.5,16,16,130,4,0,1,0,2014
21,21,DavidMiller,193.5,16,0,0,34,21,14,0,2014
22,22,JamesFaulkner,191.5,13,11,72,8,16,2,0,2014
23,23,ShaneWatson,185.5,13,7,57,19,14,3,0,2014
24,24,KarnSharma,179.5,14,15,114,1,3,0,0,2014
25,25,WriddhimanSaha,175.5,17,0,0,33,18,8,4,2014
26,26,SandeepSharma,174.5,11,18,109,0,0,1,0,2014
27,27,LendlSimmons,167,8,1,2,43,14,2,0,2014
28,28,CoreyAnderson,166.5,12,4,35,21,15,5,0,2014
29,29,ABde Villiers,166.5,14,0,0,26,24,7,0,2014
30,30,YuzvendraChahal,164.5,14,12,115,0,0,3,0,2014
31,31,BrendonMcCullum,161.5,14,0,0,32,19,6,0,2014
32,32,RishiDhawan,161.5,13,13,85,8,1,3,0,2014
33,33,ShikharDhawan,159.5,14,0,0,49,7,5,0,2014
34,34,LasithMalinga,155,10,16,99,0,0,0,0,2014
35,35,VarunAaron,154.5,10,16,90,2,1,0,0,2014
36,36,RohitSharma,153.5,15,1,4,31,16,5,0,2014
37,37,PiyushChawla,149,11,14,79,4,1,3,0,2014
38,38,KieronPollard,147.5,15,2,33,15,15,7,0,2014
39,39,PravinTambe,146.5,13,15,89,0,0,2,0,2014
40,40,IshwarPandey,143,13,6,112,0,0,4,0,2014
41,41,SanjuSamson,139.5,13,0,0,25,17,5,2,2014
42,42,UmeshYadav,138.5,12,11,95,0,0,2,0,2014
43,43,KarunNair,136.5,11,0,0,38,9,4,0,2014
44,44,MSDhoni,135,16,0,0,22,20,3,1,2014
45,45,DineshKarthik,131,14,0,0,28,11,7,2,2014
46,46,MananVohra,131,8,0,0,27,16,3,0,2014
47,47,RajatBhatia,131,12,12,56,4,3,5,0,2014
48,48,ViratKohli,131,14,0,0,23,16,7,0,2014
49,49,ManishPandey,130,16,0,0,35,10,3,0,2014
50,50,MohammedShami,126.5,12,7,102,0,0,0,0,2014
51,51,AaronFinch,124,13,0,0,31,9,6,0,2014
52,52,Fafdu Plessis,122,15,0,0,26,7,13,0,2014
53,53,YusufPathan,121,15,0,1,15,20,5,0,2014
54,54,AmbatiRayudu,120.5,15,0,0,31,8,6,0,2014
55,55,AjinkyaRahane,120.5,13,0,0,38,3,6,0,2014
56,56,KevinPietersen,114.5,11,0,0,34,7,2,0,2014
57,57,LakshmipathyBalaji,114,9,12,72,0,0,0,0,2014
58,58,NamanOjha,112,11,0,0,14,17,6,1,2014
59,59,GautamGambhir,111.5,16,0,0,36,4,3,0,2014
60,60,JaspritBumrah,109.5,11,5,92,0,0,0,0,2014
61,61,ParthivPatel,108.5,12,0,0,30,1,11,1,2014
62,62,WayneParnell,108,8,6,82,0,0,2,0,2014
63,63,DhawalKulkarni,105.5,8,6,70,1,2,2,0,2014
64,64,JacquesKallis,104.5,8,4,39,13,4,2,0,2014
65,65,GeorgeBailey,102.5,17,0,0,19,10,8,0,2014
66,66,KaneRichardson,101,7,9,62,0,0,3,0,2014
67,67,BenHilfenhaus,100.5,8,8,70,0,0,1,0,2014
68,68,ShahbazNadeem,94,11,8,66,0,0,0,0,2014
69,69,ChrisGayle,92,9,0,0,18,12,2,0,2014
70,70,JaydevUnadkat,90.5,9,9,59,0,0,0,0,2014
71,71,AmitMishra,90.5,10,7,66,0,0,0,0,2014
72,72,MuraliVijay,89.5,11,0,2,20,5,8,0,2014
73,73,KaranveerSingh,83,5,11,42,0,0,1,0,2014
74,74,VinayKumar,83,9,7,56,0,0,1,0,2014
75,75,AshokDinda,81.5,9,5,64,0,0,0,0,2014
76,76,DarrenSammy,81,10,3,20,4,8,5,0,2014
77,77,SuryakumarYadav,77,16,0,2,16,5,7,0,2014
78,78,ZaheerKhan,77,6,5,56,0,1,0,0,2014
79,79,ImranTahir,74.5,6,9,38,2,0,0,0,2014
80,80,MichaelHussey,74.5,9,0,0,17,7,3,0,2014
81,81,ParvinderAwana,72.5,7,7,48,0,0,0,0,2014
82,82,IrfanPathan,72.5,10,4,41,5,0,2,0,2014
83,83,AlbieMorkel,72,7,4,40,1,3,2,0,2014
84,84,SteveSmith,69,10,0,0,13,4,9,0,2014
85,85,KevonCooper,68.5,5,4,34,2,3,2,0,2014
86,86,Quintonde Kock,66.5,7,0,0,19,4,2,0,2014
87,87,CMGautam,65,9,0,0,13,5,3,3,2014
88,88,KedarJadhav,64.5,10,0,0,13,7,3,0,2014
89,89,StuartBinny,63.5,13,3,18,4,5,3,0,2014
90,90,AshishNehra,58,4,8,30,0,0,0,0,2014
91,91,AdityaTare,58,15,0,0,16,3,0,3,2014
92,92,ShreyasGopal,56,4,6,30,1,0,1,0,2014
93,93,DavidHussey,55.5,5,2,5,8,6,1,0,2014
94,94,ManojTiwary,54.5,8,0,3,14,4,1,0,2014
95,95,YogeshTakawale,53.5,5,0,0,17,1,2,1,2014
96,96,LokeshRahul,50.5,11,0,0,12,3,4,0,2014
97,97,ShivamSharma,49.5,4,3,34,1,0,1,0,2014
98,98,AnkitSharma,49.5,3,4,22,4,1,0,0,2014
99,99,SamuelBadree,47,4,2,40,0,0,0,0,2014
100,100,MuttiahMuralitharan,46.5,5,3,36,0,0,0,0,2014
101,101,Ryanten Doeschate,45.5,10,1,13,3,4,3,0,2014
102,102,PraveenKumar,43.5,3,3,33,0,0,0,0,2014
103,103,MayankAgarwal,43,8,0,0,12,3,1,0,2014
104,104,CheteshwarPujara,42.5,6,0,0,17,0,0,0,2014
105,105,HarshalPatel,42,3,4,22,1,1,0,0,2014
106,106,BeuranHendricks,41.5,3,4,25,0,0,1,0,2014
107,107,MoisesHenriques,39,4,4,20,1,0,1,0,2014
108,108,AbuNechim,38,4,3,25,1,0,0,0,2014
109,109,LaxmiRatan Shukla,36.5,5,1,22,2,1,1,0,2014
110,110,IshantSharma,36.5,3,3,26,0,0,0,0,2014
111,111,BradHodge,36,4,0,0,4,6,2,0,2014
112,112,ShaunMarsh,33,2,0,0,7,3,2,0,2014
113,113,RahulShukla,32.5,3,2,18,2,0,1,0,2014
114,114,TimSouthee,32.5,3,0,25,1,0,2,0,2014
115,115,RahulTewatia,31.5,3,2,21,0,1,0,0,2014
116,116,SachinRana,31.5,9,0,3,7,1,3,0,2014
117,117,SiddarthKaul,31,5,2,24,0,0,0,0,2014
118,118,JimmyNeesham,28.5,4,1,14,3,1,0,0,2014
119,119,ChrisLynn,28,2,0,0,5,3,2,0,2014
120,120,KrishmarSantokie,28,2,3,15,0,0,1,0,2014
121,121,VenugopalRao,28,7,0,3,8,0,2,0,2014
122,122,BenDunk,25,3,0,0,7,0,3,0,2014
123,123,RaviRampaul,25,2,1,18,0,1,0,0,2014
124,124,JasonHolder,23,1,1,6,2,1,2,0,2014
125,125,RossTaylor,20,4,0,0,6,0,2,0,2014
126,126,ParveezRasool,20,3,1,14,0,0,1,0,2014
127,127,NathanCoulter-Nile,19,2,2,12,0,0,0,0,2014
128,128,MithunManhas,18.5,12,0,0,3,1,3,0,2014
129,129,AbhishekNayar,18.5,5,0,0,5,1,1,0,2014
130,130,BenCutting,18.5,1,1,9,0,1,1,0,2014
131,131,MuraliKartik,16,2,1,10,0,0,1,0,2014
132,132,PatCummins,15.5,1,1,12,0,0,0,0,2014
133,133,Marchantde Lange,14,1,2,7,0,0,0,0,2014
134,134,VikramjeetMalik,13,1,1,7,0,0,1,0,2014
135,135,JohnHastings,12.5,1,1,9,0,0,0,0,2014
136,136,RahulSharma,12.5,2,1,9,0,0,0,0,2014
137,137,RileeRossouw,12,3,0,0,2,2,0,0,2014
138,138,PawanSuyal,11.5,1,1,8,0,0,0,0,2014
139,139,VijayZol,11,3,0,0,3,1,0,0,2014
140,140,PawanNegi,10.5,2,0,8,0,0,1,0,2014
141,141,NicMaddinson,10,2,0,0,3,0,1,0,2014
142,142,AndreRussell,9.5,2,1,6,0,0,0,0,2014
143,143,MandeepSingh,7.5,3,0,0,2,0,1,0,2014
144,144,IqbalAbdulla,4.5,1,0,2,0,0,1,0,2014
145,145,ShadabJakati,4,1,0,4,0,0,0,0,2014
146,146,DwayneBravo,3.5,1,0,0,0,1,0,0,2014
147,147,ManvinderBisla,2.5,1,0,0,0,0,1,0,2014
148,148,DishantYagnik,2.5,1,0,0,0,0,1,0,2014
149,149,VijayShankar,1,1,0,1,0,0,0,0,2014
150,150,UnmuktChand,0,1,0,0,0,0,0,0,2014
151,151,SrikkanthAnirudha,0,1,0,0,0,0,0,0,2014
0,,,,,,,,,,,2015
1,1,AndreRussell,312,13,14,94,35,19,6,0,2015
2,2,DwayneBravo,284,17,26,88,22,5,13,0,2015
3,3,DavidWarner,256,14,0,0,65,21,8,0,2015
4,4,AshishNehra,254.5,16,22,170,0,0,3,0,2015
5,5,ABde Villiers,247,16,0,0,60,22,8,0,2015
6,6,HarbhajanSingh,241.5,15,18,117,9,9,3,0,2015
7,7,ChrisGayle,236,14,0,3,39,38,1,0,2015
8,8,LasithMalinga,231.5,15,24,140,1,0,2,0,2015
9,9,LendlSimmons,228.5,13,0,0,56,21,6,0,2015
10,10,ShaneWatson,227,10,6,62,37,14,1,0,2015
11,11,JPDuminy,218.5,14,8,33,27,20,8,0,2015
12,12,DwayneSmith,216,16,1,4,52,16,9,0,2015
13,13,KieronPollard,215,16,3,14,28,28,9,0,2015
14,14,BrendonMcCullum,213,14,0,0,51,23,2,0,2015
15,15,BhuvneshwarKumar,210,14,18,126,2,1,5,0,2015
16,16,AxarPatel,206.5,14,13,83,13,8,7,0,2015
17,17,SandeepSharma,195,14,13,142,1,0,2,0,2015
18,18,MitchellStarc,195,13,20,105,1,0,7,0,2015
19,19,MohitSharma,192,16,14,121,1,2,5,0,2015
20,20,SureshRaina,192,17,2,24,31,16,11,0,2015
21,21,ChrisMorris,191,11,13,113,3,5,3,0,2015
22,22,MoisesHenriques,191,9,11,57,19,13,1,0,2015
23,23,NathanCoulter-Nile,190.5,11,15,117,2,1,5,0,2015
24,24,RohitSharma,188.5,16,0,0,41,21,5,0,2015
25,25,MitchellMcClenaghan,188,12,18,118,0,2,0,0,2015
26,26,ViratKohli,187.5,16,0,2,35,23,7,0,2015
27,27,AjinkyaRahane,185.5,14,0,0,53,13,3,0,2015
28,28,DavidWiese,185.5,14,16,73,12,4,5,0,2015
29,29,RavindraJadeja,183,17,11,84,7,3,13,0,2015
30,30,ShreyasIyer,181,14,0,0,41,21,2,0,2015
31,31,YuzvendraChahal,180.5,15,23,90,0,0,4,0,2015
32,32,RavichandranAshwin,175,14,10,114,6,1,3,0,2015
33,33,JamesFaulkner,173.5,13,8,88,12,5,4,0,2015
34,34,HarshalPatel,172,15,17,103,0,2,1,0,2015
35,35,AnureetSingh,171,14,15,105,0,1,4,0,2015
36,36,ParthivPatel,160,14,0,0,47,5,7,3,2015
37,37,RobinUthappa,159.5,13,0,0,42,7,7,5,2015
38,38,UmeshYadav,155.5,12,10,92,5,1,5,0,2015
39,39,MSDhoni,154.5,17,0,0,27,17,8,3,2015
40,40,DhawalKulkarni,153,11,13,95,0,0,5,0,2015
41,41,AngeloMathews,149,11,7,61,12,6,5,0,2015
42,42,ShikharDhawan,148.5,14,0,0,45,6,6,0,2015
43,43,DavidMiller,143.5,13,0,0,21,21,7,0,2015
44,44,JagadeeshaSuchith,142,13,10,70,4,2,8,0,2015
45,45,YusufPathan,141,13,2,12,29,12,3,0,2015
46,46,KarnSharma,138.5,14,10,65,3,6,4,0,2015
47,47,IshwarPandey,136.5,10,11,93,0,0,2,0,2015
48,48,VinayKumar,132.5,13,7,93,0,0,6,0,2015
49,49,Fafdu Plessis,130,17,0,0,37,5,8,0,2015
50,50,PiyushChawla,128,13,11,65,5,2,2,0,2015
51,51,MitchellJohnson,127.5,9,9,90,1,1,0,0,2015
52,52,PawanNegi,126.5,10,6,53,10,5,4,0,2015
53,53,ImranTahir,124,10,15,64,0,0,3,0,2015
54,54,GautamGambhir,124,13,0,0,41,4,3,0,2015
55,55,AmbatiRayudu,123.5,15,0,0,18,16,9,0,2015
56,56,MorneMorkel,113.5,7,10,76,0,0,1,0,2015
57,57,YuvrajSingh,112,14,1,11,23,10,2,0,2015
58,58,AmitMishra,111.5,12,9,75,0,0,2,0,2015
59,59,SteveSmith,110.5,14,0,0,33,3,7,0,2015
60,60,WriddhimanSaha,110,14,0,0,16,10,11,3,2015
61,61,MuraliVijay,109.5,11,0,4,27,8,4,0,2015
62,62,TrentBoult,107.5,7,9,71,0,0,2,0,2015
63,63,PraveenKumar,105.5,12,7,71,1,0,3,0,2015
64,64,StuartBinny,103.5,13,4,56,7,1,5,0,2015
65,65,SunilNarine,101,8,7,74,0,0,1,0,2015
66,66,TimSouthee,99.5,7,6,66,1,0,4,0,2015
67,67,RaviBopara,99,9,6,37,6,6,2,0,2015
68,68,HardikPandya,98,9,1,29,9,8,6,0,2015
69,69,ZaheerKhan,97.5,7,7,73,0,0,0,0,2015
70,70,DineshKarthik,96.5,16,0,0,15,4,14,4,2015
71,71,PravinTambe,96,10,7,69,0,0,1,0,2015
72,72,ManishPandey,92,13,0,0,22,7,5,0,2015
73,73,GlennMaxwell,91.5,11,2,19,13,8,2,0,2015
74,74,SanjuSamson,90.5,14,0,0,16,8,9,0,2015
75,75,MayankAgarwal,89.5,10,0,0,23,7,3,0,2015
76,76,KedarJadhav,84.5,14,0,0,16,7,6,2,2015
77,77,DeepakHooda,84.5,14,1,25,6,11,1,0,2015
78,78,GeorgeBailey,82,13,0,0,22,7,1,0,2015
79,79,BradHogg,81.5,6,9,50,0,0,0,0,2015
80,80,MandeepSingh,81,14,0,0,17,6,7,0,2015
81,81,EoinMorgan,78.5,9,0,0,11,11,5,0,2015
82,82,SreenathArvind,77.5,5,8,47,0,0,1,0,2015
83,83,SuryakumarYadav,75.5,13,0,0,12,8,7,0,2015
84,84,IqbalAbdulla,72.5,5,4,46,4,0,1,0,2015
85,85,KarunNair,70,14,0,0,18,5,3,0,2015
86,86,AlbieMorkel,64.5,4,3,22,9,2,1,0,2015
87,87,CoreyAnderson,64.5,4,1,10,11,6,1,0,2015
88,88,NamanOjha,61.5,14,0,0,12,4,6,1,2015
89,89,DaleSteyn,61,6,3,38,3,0,2,0,2015
90,90,ShakibAl Hasan,60.5,4,4,34,5,0,0,0,2015
91,91,VarunAaron,60.5,6,3,44,0,1,1,0,2015
92,92,Quintonde Kock,59,3,0,0,18,4,0,0,2015
93,93,DomnicJoseph,58,6,4,44,0,0,0,0,2015
94,94,SaurabhTiwary,52.5,7,0,0,9,5,5,0,2015
95,95,BeuranHendricks,49.5,4,5,27,0,0,2,0,2015
96,96,JohanBotha,48.5,4,1,19,5,1,4,0,2015
97,97,UnmuktChand,47,6,0,0,13,2,3,0,2015
98,98,AnkitSharma,47,4,3,29,1,0,2,0,2015
99,99,AshishReddy,47,6,3,9,3,5,1,0,2015
100,100,GurkeeratMann Singh,43,5,3,19,3,1,1,0,2015
101,101,VirenderSehwag,40.5,8,0,0,12,3,0,0,2015
102,102,LokeshRahul,40,9,0,0,8,5,1,0,2015
103,103,SarfarazKhan,37,13,0,0,12,2,0,0,2015
104,104,RishiDhawan,35.5,5,1,20,2,2,0,0,2015
105,105,JaspritBumrah,34.5,4,3,24,0,0,0,0,2015
106,106,AbuNechim,34.5,3,1,26,2,0,0,0,2015
107,107,IshantSharma,33.5,4,1,30,0,0,0,0,2015
108,108,MananVohra,32.5,7,0,0,4,5,2,0,2015
109,109,JayantYadav,30.5,3,2,21,0,0,1,0,2015
110,110,KaranveerSingh,30.5,4,1,22,1,0,1,0,2015
111,111,ManojTiwary,28.5,5,0,0,8,1,2,0,2015
112,112,ShahbazNadeem,28.5,4,0,21,0,0,3,0,2015
113,113,ShaunMarsh,28,4,0,0,7,3,0,0,2015
114,114,PatCummins,28,3,1,22,0,0,1,0,2015
115,115,BipulSharma,27.5,4,3,17,0,0,0,0,2015
116,116,Ryanten Doeschate,26,6,0,3,4,3,1,0,2015
117,117,MichaelHussey,25.5,4,0,0,5,3,1,0,2015
118,118,ManvinderBisla,21,2,0,0,6,1,1,0,2015
119,119,HanumaVihari,20,5,0,0,6,0,2,0,2015
120,120,PawanSuyal,19,3,0,19,0,0,0,0,2015
121,121,ThisaraPerera,16,2,1,9,0,1,0,0,2015
122,122,ParveezRasool,15.5,2,1,12,0,0,0,0,2015
123,123,Marchantde Lange,15,1,0,15,0,0,0,0,2015
124,124,GurinderSandhu,12.5,3,1,9,0,0,0,0,2015
125,125,SeanAbbott,12,2,0,6,1,1,0,0,2015
126,126,ShardulThakur,11,1,1,5,1,0,0,0,2015
127,127,RileeRossouw,11,2,0,0,1,1,2,0,2015
128,128,KaneWilliamson,11,2,0,0,1,1,2,0,2015
129,129,RonitMore,10,2,1,4,0,0,1,0,2015
130,130,AaronFinch,10,3,0,0,4,0,0,0,2015
131,131,RahulTewatia,9.5,1,1,6,0,0,0,0,2015
132,132,AzharMahmood,7.5,1,0,5,1,0,0,0,2015
133,133,JuanTheron,7.5,1,1,4,0,0,0,0,2015
134,134,JaydevUnadkat,7,1,0,7,0,0,0,0,2015
135,135,RajatBhatia,7,2,0,7,0,0,0,0,2015
136,136,ShivamSharma,6.5,1,1,3,0,0,0,0,2015
137,137,KCCariappa,6.5,1,1,3,0,0,0,0,2015
138,138,AshokDinda,6.5,2,0,4,0,0,1,0,2015
139,139,ShreyasGopal,5.5,1,1,2,0,0,0,0,2015
140,140,AdityaTare,5,2,0,0,1,0,1,0,2015
141,141,BarinderSran,5,1,0,5,0,0,0,0,2015
142,142,DarrenSammy,4.5,2,0,2,0,0,1,0,2015
143,143,CMGautam,2.5,1,0,0,0,0,0,1,2015
144,144,NicMaddinson,2.5,1,0,0,1,0,0,0,2015
145,145,PragyanOjha,1,1,0,1,0,0,0,0,2015
0,,,,,,,,,,,2016
1,1,ViratKohli,356.5,16,0,1,83,38,6,0,2016
2,2,DavidWarner,338.5,17,0,0,88,31,4,0,2016
3,3,ABde Villiers,319.5,16,0,0,57,37,19,0,2016
4,4,ShaneWatson,283,16,20,121,14,12,6,0,2016
5,5,BhuvneshwarKumar,270,17,23,156,6,1,6,0,2016
6,6,ChrisMorris,247,12,13,102,15,12,8,0,2016
7,7,DwayneSmith,229,12,8,40,35,16,7,0,2016
8,8,AndreRussell,225,12,15,90,10,15,2,0,2016
9,9,MoisesHenriques,217,17,12,89,15,6,11,0,2016
10,10,MitchellMcClenaghan,203,14,17,128,2,3,0,0,2016
11,11,DhawalKulkarni,203,14,18,130,2,0,2,0,2016
12,12,MustafizurRahman,201.5,16,17,137,0,0,2,0,2016
13,13,DwayneBravo,198.5,15,17,93,11,1,6,0,2016
14,14,Quintonde Kock,185.5,13,0,0,52,13,2,2,2016
15,15,SandeepSharma,184.5,14,15,127,0,0,2,0,2016
16,16,AjinkyaRahane,184,14,0,0,54,9,7,0,2016
17,17,RohitSharma,183.5,14,0,0,49,16,2,0,2016
18,18,YuzvendraChahal,183.5,13,21,100,0,0,4,0,2016
19,19,AxarPatel,179.5,14,13,91,4,8,2,0,2016
20,20,KrunalPandya,179.5,12,6,53,22,13,2,0,2016
21,21,PraveenKumar,178.5,16,9,132,4,0,2,0,2016
22,22,RobinUthappa,175.5,15,0,0,45,8,10,4,2016
23,23,LokeshRahul,171,14,0,0,37,16,5,4,2016
24,24,ShikharDhawan,168,17,0,0,51,8,5,0,2016
25,25,MuraliVijay,167,14,0,2,50,10,2,0,2016
26,26,JaspritBumrah,165.5,14,15,108,1,0,1,0,2016
27,27,SureshRaina,165,15,0,15,39,10,7,0,2016
28,28,MohitSharma,161,14,13,97,3,1,3,0,2016
29,29,BarinderSran,161,14,14,107,0,0,2,0,2016
30,30,HarbhajanSingh,159,14,9,83,11,2,4,0,2016
31,31,GautamGambhir,158.5,15,0,0,54,6,1,0,2016
32,32,AaronFinch,158.5,13,0,0,45,11,3,0,2016
33,33,RavindraJadeja,158,15,8,71,14,4,4,0,2016
34,34,ThisaraPerera,156,12,9,56,7,11,5,0,2016
35,35,ChrisGayle,154,10,2,21,17,21,4,0,2016
36,36,SunilNarine,153.5,11,11,110,0,0,2,0,2016
37,37,YusufPathan,153,15,1,14,33,13,3,0,2016
38,38,BrendonMcCullum,151,16,0,0,38,16,0,0,2016
39,39,TimSouthee,150,11,9,99,1,2,4,0,2016
40,40,ZaheerKhan,148.5,12,10,111,1,0,0,0,2016
41,41,RavichandranAshwin,146.5,14,10,93,3,1,3,0,2016
42,42,AmitMishra,146,14,13,93,0,0,3,0,2016
43,43,DineshKarthik,140.5,16,0,0,38,3,11,3,2016
44,44,PiyushChawla,137,12,11,81,4,0,3,0,2016
45,45,KarunNair,128.5,14,0,0,40,6,3,0,2016
46,46,MorneMorkel,124,10,10,89,0,0,0,0,2016
47,47,MSDhoni,124,14,0,0,18,14,8,4,2016
48,48,AshokDinda,122.5,9,11,84,0,0,0,0,2016
49,49,AmbatiRayudu,122,13,0,0,28,12,4,0,2016
50,50,ShakibAl Hasan,120.5,10,5,58,7,5,4,0,2016
51,51,CarlosBrathwaite,116,8,7,41,6,8,3,0,2016
52,52,MarcusStoinis,113.5,7,8,39,13,4,0,0,2016
53,53,JosButtler,113.5,14,0,0,23,11,7,0,2016
54,54,SreenathArvind,111,9,11,65,0,0,3,0,2016
55,55,YuvrajSingh,110,10,0,7,22,13,1,0,2016
56,56,AshishNehra,106,8,9,72,0,0,1,0,2016
57,57,WriddhimanSaha,101,12,0,0,29,1,7,3,2016
58,58,SteveSmith,100.5,8,0,0,27,8,2,0,2016
59,59,KieronPollard,100,13,0,4,11,16,5,0,2016
60,60,ChrisJordan,97.5,9,11,49,0,0,4,0,2016
61,61,ParthivPatel,96.5,10,0,0,23,4,9,1,2016
62,62,ManishPandey,91.5,12,0,0,17,9,7,0,2016
63,63,RajatBhatia,89.5,10,6,54,1,2,2,0,2016
64,64,SanjuSamson,88,14,0,0,20,8,3,1,2016
65,65,UmeshYadav,87,9,10,46,0,1,1,0,2016
66,66,GlennMaxwell,86.5,11,0,16,14,8,3,0,2016
67,67,Fafdu Plessis,84,6,0,0,17,9,4,0,2016
68,68,SuryakumarYadav,80,15,0,0,19,5,6,0,2016
69,69,NamanOjha,80,17,0,0,7,5,18,0,2016
70,70,IqbalAbdulla,79.5,8,6,35,4,1,4,0,2016
71,71,MuruganAshwin,79.5,10,7,55,0,0,0,0,2016
72,72,DeepakHooda,79,17,3,21,9,5,3,0,2016
73,73,RishabhPant,76,10,0,0,19,6,3,0,2016
74,74,BenCutting,74,4,5,23,4,6,1,0,2016
75,75,AdamZampa,74,5,12,32,0,0,0,0,2016
76,76,JPDuminy,69.5,10,2,12,13,3,3,0,2016
77,77,ShivilKaushik,69,7,6,48,0,0,0,0,2016
78,78,DavidMiller,66.5,14,0,0,11,4,10,0,2016
79,79,SaurabhTiwary,66.5,10,0,0,17,4,4,0,2016
80,80,MananVohra,65.5,7,0,0,19,3,3,0,2016
81,81,StuartBinny,65.5,14,1,28,5,4,3,0,2016
82,82,GurkeeratMann Singh,64.5,7,2,7,11,3,5,0,2016
83,83,HardikPandya,64.5,11,3,29,4,0,6,0,2016
84,84,HashimAmla,64,6,0,0,20,4,0,0,2016
85,85,KaneRichardson,63.5,4,7,34,0,0,2,0,2016
86,86,MohammedShami,59,8,5,39,0,0,1,0,2016
87,87,BipulSharma,56.5,7,3,21,1,5,2,0,2016
88,88,VarunAaron,55,8,2,48,0,0,0,0,2016
89,89,SachinBaby,54.5,11,2,5,9,5,1,0,2016
90,90,KCCariappa,54,5,3,35,0,1,2,0,2016
91,91,JamesFaulkner,53,7,2,21,7,0,3,0,2016
92,92,BradHogg,52.5,5,4,31,0,0,3,0,2016
93,93,IshantSharma,52.5,4,3,37,0,0,2,0,2016
94,94,KuldeepYadav,51.5,3,6,28,0,0,1,0,2016
95,95,NathanCoulter-Nile,50,4,3,37,1,0,0,0,2016
96,96,KaneWilliamson,49.5,6,0,2,14,0,5,0,2016
97,97,ShaunMarsh,49,6,0,0,13,4,1,0,2016
98,98,NitishRana,48.5,4,0,3,7,8,0,0,2016
99,99,PravinTambe,48.5,7,5,26,1,0,1,0,2016
100,100,UsmanKhawaja,48,6,0,0,14,3,1,0,2016
101,101,JayantYadav,47.5,5,2,38,0,0,1,0,2016
102,102,ShadabJakati,47,6,2,30,0,0,4,0,2016
103,103,ImranTahir,45,4,5,25,1,0,0,0,2016
104,104,JasonHolder,42.5,4,2,27,2,1,0,0,2016
105,105,MitchellMarsh,42,3,4,28,0,0,0,0,2016
106,106,EoinMorgan,41.5,7,0,0,8,4,3,0,2016
107,107,PradeepSahu,40.5,5,3,24,1,1,0,0,2016
108,108,RPSingh,39.5,4,3,29,0,0,0,0,2016
109,109,VinayKumar,39,3,3,25,0,1,0,0,2016
110,110,TabraizShamsi,39,4,3,26,0,0,1,0,2016
111,111,KyleAbbott,38.5,5,2,28,0,1,0,0,2016
112,112,ShahbazNadeem,38,4,2,31,0,0,0,0,2016
113,113,HarshalPatel,36.5,5,1,28,0,0,2,0,2016
114,114,PawanNegi,35,8,1,11,2,3,2,0,2016
115,115,GeorgeBailey,34.5,6,0,0,9,2,2,0,2016
116,116,ParveezRasool,33,4,1,22,1,0,2,0,2016
117,117,SamBillings,31.5,5,0,0,4,4,3,0,2016
118,118,SarfarazKhan,31.5,5,0,0,7,4,0,0,2016
119,119,MitchellJohnson,30.5,3,2,21,0,0,1,0,2016
120,120,AshishReddy,30,4,1,5,2,4,1,0,2016
121,121,KarnSharma,30,5,0,19,3,1,0,0,2016
122,122,JohnHastings,29,2,2,22,0,0,0,0,2016
123,123,AnkitRajpoot,28.5,4,3,18,0,0,0,0,2016
124,124,AlbieMorkel,25.5,2,2,9,0,2,1,0,2016
125,125,AnkitSharma,23,3,1,17,0,0,1,0,2016
126,126,KevinPietersen,23,4,0,0,4,3,1,0,2016
127,127,RishiDhawan,22.5,2,2,12,0,1,0,0,2016
128,128,ScottBoland,21,2,2,14,0,0,0,0,2016
129,129,IrfanPathan,20.5,4,0,18,0,0,1,0,2016
130,130,ShreyasIyer,18.5,6,0,0,2,1,4,0,2016
131,131,MartinGuptill,18,3,0,0,3,3,0,0,2016
132,132,ColinMunro,17.5,4,0,5,3,0,2,0,2016
133,133,RajagopalSathish,17.5,4,1,8,1,1,0,0,2016
134,134,TrentBoult,17,1,1,11,0,0,1,0,2016
135,135,EklavyaDwivedi,17,4,0,0,2,2,2,0,2016
136,136,DeepakChahar,15.5,2,0,13,0,0,1,0,2016
137,137,IshanKishan,15,5,0,0,5,0,1,0,2016
138,138,TravisHead,14.5,3,0,0,3,2,0,0,2016
139,139,KedarJadhav,14.5,4,0,0,2,2,1,0,2016
140,140,AdamMilne,13,1,1,7,0,0,1,0,2016
141,141,AnureetSingh,12,2,0,12,0,0,0,0,2016
142,142,PradeepSangwan,11.5,2,0,9,0,0,1,0,2016
143,143,MayankAgarwal,11,3,0,0,3,1,0,0,2016
144,144,DavidWiese,8.5,1,0,6,0,0,1,0,2016
145,145,FarhaanBehardien,7.5,3,0,0,2,0,1,0,2016
146,146,NikhilNaik,7.5,2,0,0,1,0,2,0,2016
147,147,ChrisLynn,6,2,0,0,0,1,1,0,2016
148,148,JaydevUnadkat,5,1,0,5,0,0,0,0,2016
149,149,AdityaTare,5,3,0,0,1,0,1,0,2016
150,150,DaleSteyn,5,1,0,5,0,0,0,0,2016
151,151,ShreyasGopal,4,1,0,4,0,0,0,0,2016
152,152,LendlSimmons,3.5,1,0,0,0,1,0,0,2016
153,153,SwapnilSingh,3,1,0,3,0,0,0,0,2016
154,154,SarabjitLadda,3,1,0,3,0,0,0,0,2016
155,155,MandeepSingh,2.5,1,0,0,0,0,1,0,2016
156,156,AkshdeepNath,2.5,4,0,0,1,0,0,0,2016
157,157,UnmuktChand,0,1,0,0,0,0,0,0,2016
158,158,JagadeeshaSuchith,0,1,0,0,0,0,0,0,2016
159,159,PeterHandscomb,0,2,0,0,0,0,0,0,2016
0,,,,,,,,,,,2017
1,1,SunilNarine,298,16,10,133,34,10,4,0,2017
2,2,DavidWarner,273.5,14,0,0,63,26,10,0,2017
3,3,BenStokes,270,12,12,108,22,15,5,0,2017
4,4,JaydevUnadkat,225.5,12,24,119,0,0,9,0,2017
5,5,GlennMaxwell,218.5,14,7,38,19,26,7,0,2017
6,6,AxarPatel,218,14,15,82,11,11,7,0,2017
7,7,BhuvneshwarKumar,218,14,26,117,0,0,4,0,2017
8,8,RobinUthappa,201,14,0,0,36,21,9,6,2017
9,9,JaspritBumrah,200.5,16,20,122,0,1,2,0,2017
10,10,KrunalPandya,198.5,13,10,74,24,7,2,0,2017
11,11,RashidKhan,196.5,14,17,121,0,1,5,0,2017
12,12,HardikPandya,193.5,17,6,45,11,20,12,0,2017
13,13,PawanNegi,193,12,16,80,10,7,3,0,2017
14,14,GautamGambhir,192,16,0,0,61,7,6,0,2017
15,15,MitchellMcClenaghan,191.5,14,19,119,0,1,1,0,2017
16,16,UmeshYadav,186.5,14,17,117,0,0,4,0,2017
17,17,ChrisMorris,184,9,12,71,15,6,5,0,2017
18,18,SureshRaina,184,14,1,20,42,13,4,0,2017
19,19,SandeepSharma,182,13,17,115,0,0,3,0,2017
20,20,RishabhPant,181.5,14,0,0,28,24,8,3,2017
21,21,ShikharDhawan,181.5,14,0,0,53,9,7,0,2017
22,22,KieronPollard,179.5,17,0,0,26,22,15,0,2017
23,23,RahulTripathi,179.5,14,0,0,43,17,5,0,2017
24,24,ChrisWoakes,175,13,17,87,4,1,6,0,2017
25,25,ParthivPatel,170.5,16,0,0,49,8,6,2,2017
26,26,PatCummins,165.5,12,15,84,5,4,1,0,2017
27,27,ImranTahir,162,12,18,94,0,0,2,0,2017
28,28,HashimAmla,159.5,10,0,0,40,17,0,0,2017
29,29,DanChristian,157.5,13,11,74,5,5,6,0,2017
30,30,SanjuSamson,156.5,14,0,0,32,19,4,0,2017
31,31,BrendonMcCullum,155.5,11,0,0,29,18,8,0,2017
32,32,SteveSmith,154.5,15,0,0,38,12,7,0,2017
33,33,MohitSharma,151,14,13,87,3,1,3,0,2017
34,34,YuzvendraChahal,148.5,13,14,92,0,0,3,0,2017
35,35,KarnSharma,147.5,9,13,75,5,2,3,0,2017
36,36,AaronFinch,141.5,13,0,0,25,19,5,0,2017
37,37,DwayneSmith,139.5,12,2,17,32,8,3,0,2017
38,38,AjinkyaRahane,136.5,16,0,0,35,9,7,0,2017
39,39,NathanCoulter-Nile,134.5,8,15,70,0,2,2,0,2017
40,40,LasithMalinga,134.5,12,11,90,0,1,1,0,2017
41,41,ChrisLynn,134,7,0,0,25,19,2,0,2017
42,42,RohitSharma,134,17,0,0,31,9,10,0,2017
43,43,DineshKarthik,133.5,14,0,0,30,11,8,0,2017
44,44,ShardulThakur,133.5,12,11,85,0,0,4,0,2017
45,45,ShreyasIyer,132.5,12,0,0,36,10,3,0,2017
46,46,AmitMishra,132.5,14,10,78,2,2,3,0,2017
47,47,HarbhajanSingh,132.5,11,8,96,0,1,2,0,2017
48,48,ManishPandey,132,14,0,0,28,12,8,0,2017
49,49,NitishRana,129.5,13,0,0,24,17,4,0,2017
50,50,SiddarthKaul,128.5,10,16,65,0,0,3,0,2017
51,51,ManojTiwary,128.5,15,0,0,31,11,5,0,2017
52,52,MoisesHenriques,127,12,1,27,28,4,5,0,2017
53,53,RavindraJadeja,126,12,5,57,13,4,2,0,2017
54,54,MSDhoni,126,16,0,0,15,16,10,3,2017
55,55,BasilThampi,125.5,12,11,76,1,1,2,0,2017
56,56,IshanKishan,125.5,11,0,0,29,13,3,0,2017
57,57,KarunNair,123.5,14,0,0,39,6,2,0,2017
58,58,KuldeepYadav,123.5,12,12,74,2,0,1,0,2017
59,59,JosButtler,122.5,10,0,0,27,15,1,0,2017
60,60,KedarJadhav,122.5,13,0,0,25,10,7,3,2017
61,61,WashingtonSundar,121.5,11,8,81,0,0,5,0,2017
62,62,ZaheerKhan,117,11,10,72,0,0,4,0,2017
63,63,YuvrajSingh,116,12,1,2,30,8,3,0,2017
64,64,ShaunMarsh,112.5,9,0,0,36,5,2,0,2017
65,65,ViratKohli,111,10,0,0,23,11,6,0,2017
66,66,WriddhimanSaha,108,14,0,0,20,8,10,2,2017
67,67,AndrewTye,106.5,6,12,44,4,3,0,0,2017
68,68,ABde Villiers,101,9,0,0,12,16,6,0,2017
69,69,SamuelBadree,98.5,7,9,62,0,0,2,0,2017
70,70,Colinde Grandhomme,98,12,4,33,10,6,2,0,2017
71,71,CoreyAnderson,94.5,11,3,20,8,9,5,0,2017
72,72,MananVohra,94,11,0,0,23,9,2,0,2017
73,73,ChrisGayle,91.5,9,0,0,15,14,2,0,2017
74,74,MohammedShami,89.5,8,5,55,4,2,0,0,2017
75,75,MitchellJohnson,88,5,7,55,1,1,1,0,2017
76,76,ShaneWatson,88,8,5,47,6,1,2,0,2017
77,77,KaneWilliamson,87.5,7,0,0,20,10,1,0,2017
78,78,MohammedSiraj,85.5,6,10,48,0,0,1,0,2017
79,79,KagisoRabada,85,6,6,48,5,1,0,0,2017
80,80,SreenathArvind,83,10,5,58,2,0,1,0,2017
81,81,MandeepSingh,81.5,11,0,0,21,4,6,0,2017
82,82,AshishNehra,77.5,6,8,47,0,0,1,0,2017
83,83,VarunAaron,75.5,6,7,51,0,0,0,0,2017
84,84,MartinGuptill,75,7,0,0,17,5,6,0,2017
85,85,ShahbazNadeem,73,7,6,47,0,0,2,0,2017
86,86,JamesFaulkner,72.5,8,6,34,4,0,3,0,2017
87,87,TrentBoult,70.5,6,5,53,0,0,0,0,2017
88,88,AniketChoudhary,65.5,5,5,42,1,1,0,0,2017
89,89,AdamZampa,65,6,7,38,1,0,0,0,2017
90,90,TymalMills,64.5,5,5,41,0,1,1,0,2017
91,91,TravisHead,62.5,7,2,7,9,6,2,0,2017
92,92,PradeepSangwan,61.5,5,5,44,0,0,0,0,2017
93,93,SamBillings,61,6,0,0,19,1,4,0,2017
94,94,PraveenKumar,61,6,6,40,0,0,0,0,2017
95,95,YusufPathan,60,15,1,8,9,6,2,0,2017
96,96,PiyushChawla,59.5,6,6,36,0,0,1,0,2017
97,97,LendlSimmons,58,7,0,0,10,8,2,0,2017
98,98,DeepakHooda,53,10,2,7,5,4,5,0,2017
99,99,StuartBinny,51,8,4,9,6,3,1,0,2017
100,100,LockieFerguson,50.5,4,3,40,0,0,0,0,2017
101,101,AnkitSoni,50,7,2,37,0,1,1,0,2017
102,102,BipulSharma,49.5,7,3,28,2,1,1,0,2017
103,103,BenCutting,49,4,1,20,5,3,1,0,2017
104,104,DhawalKulkarni,48,6,3,35,0,0,1,0,2017
105,105,AnkitRajpoot,46,5,4,27,1,0,1,0,2017
106,106,AdamMilne,45.5,4,3,25,0,0,4,0,2017
107,107,RahulTewatia,43.5,3,3,23,4,0,0,0,2017
108,108,SuryakumarYadav,43,10,0,0,8,3,5,0,2017
109,109,MohammadNabi,41,3,2,34,0,0,0,0,2017
110,110,KCCariappa,38.5,4,4,22,0,0,1,0,2017
111,111,TimSouthee,37.5,3,3,21,0,1,1,0,2017
112,112,VijayShankar,36,4,0,0,12,1,1,0,2017
113,113,AmbatiRayudu,35.5,5,0,0,7,3,3,0,2017
114,114,IshantSharma,34.5,6,0,32,1,0,0,0,2017
115,115,TNatarajan,31,6,2,24,0,0,0,0,2017
116,116,NamanOjha,30.5,14,0,0,2,3,6,0,2017
117,117,EoinMorgan,29.5,4,0,0,6,2,3,0,2017
118,118,DavidMiller,29,5,0,0,4,4,2,0,2017
119,119,JasonRoy,28.5,3,0,0,9,1,1,0,2017
120,120,MarcusStoinis,27,5,2,10,1,0,3,0,2017
121,121,AshokDinda,27,3,1,21,1,0,0,0,2017
122,122,BillyStanlake,26.5,2,2,17,0,0,1,0,2017
123,123,RahulChahar,25.5,3,2,16,0,0,1,0,2017
124,124,RajatBhatia,24.5,3,2,9,0,1,2,0,2017
125,125,SaurabhTiwary,22.5,1,0,0,9,0,0,0,2017
126,126,DeepakChahar,22.5,3,1,12,0,2,0,0,2017
127,127,HarshalPatel,18.5,1,3,8,0,0,0,0,2017
128,128,SheldonJackson,17.5,4,0,0,5,0,2,0,2017
129,129,MarlonSamuels,17,5,0,5,1,2,1,0,2017
130,130,AngeloMathews,16.5,3,0,3,2,1,2,0,2017
131,131,NathuSingh,16.5,2,1,13,0,0,0,0,2017
132,132,CarlosBrathwaite,14.5,2,1,6,2,0,0,0,2017
133,133,AveshKhan,14.5,1,1,11,0,0,0,0,2017
134,134,MunafPatel,13.5,2,1,10,0,0,0,0,2017
135,135,JayantYadav,13,2,0,13,0,0,0,0,2017
136,136,SwapnilSingh,13,4,1,7,0,0,1,0,2017
137,137,VinayKumar,13,1,2,6,0,0,0,0,2017
138,138,IqbalAbdulla,13,2,2,6,0,0,0,0,2017
139,139,ShubhamAgarwal,13,1,1,7,0,0,1,0,2017
140,140,VishnuVinod,11,3,0,0,1,1,0,2,2017
141,141,MattHenry,10.5,2,1,7,0,0,0,0,2017
142,142,SachinBaby,10,3,0,0,2,0,2,0,2017
143,143,MayankAgarwal,10,3,0,0,3,0,1,0,2017
144,144,AnkitSharma,9.5,1,0,1,2,1,0,0,2017
145,145,AdityaTare,7.5,3,0,0,3,0,0,0,2017
146,146,IshankJaggi,7.5,2,0,0,3,0,0,0,2017
147,147,AnureetSingh,7,1,0,2,2,0,0,0,2017
148,148,TejasBaroka,6,1,0,6,0,0,0,0,2017
149,149,ChrisJordan,5.5,1,1,2,0,0,0,0,2017
150,150,ShakibAl Hasan,5,1,0,5,0,0,0,0,2017
151,151,BarinderSran,4,1,0,4,0,0,0,0,2017
152,152,ManpreetGony,4,1,0,4,0,0,0,0,2017
153,153,ShadabJakati,4,2,0,4,0,0,0,0,2017
154,154,IrfanPathan,4,1,0,4,0,0,0,0,2017
155,155,MustafizurRahman,3,1,0,3,0,0,0,0,2017
156,156,AnkitBawne,2.5,1,0,0,1,0,0,0,2017
157,157,DarrenBravo,2.5,1,0,0,1,0,0,0,2017
158,158,Fafdu Plessis,2.5,2,0,0,1,0,0,0,2017
159,159,GurkeeratMann Singh,0,2,0,0,0,0,0,0,2017
160,160,RinkuSingh,0,1,0,0,0,0,0,0,2017
161,161,AkshdeepNath,0,1,0,0,0,0,0,0,2017
0,,,,,,,,,,,2018
1,1,SunilNarine,379.5,16,17,137,40,23,1,0,2018
2,2,ShaneWatson,318,15,6,57,44,35,3,0,2018
3,3,RishabhPant,314.5,14,0,0,68,37,4,2,2018
4,4,LokeshRahul,304.5,14,0,0,66,32,10,1,2018
5,5,AndreRussell,292.5,16,13,76,17,31,8,0,2018
6,6,RashidKhan,284,17,21,167,3,6,6,0,2018
7,7,KaneWilliamson,273,17,0,0,64,28,6,0,2018
8,8,HardikPandya,269.5,13,18,98,20,11,8,0,2018
9,9,AmbatiRayudu,256.5,16,0,0,53,34,2,0,2018
10,10,KrunalPandya,239.5,14,12,85,22,10,9,0,2018
11,11,ShakibAl Hasan,237,17,14,98,26,5,3,0,2018
12,12,SuryakumarYadav,228.5,14,0,0,61,16,8,0,2018
13,13,JosButtler,228.5,13,0,0,52,21,9,1,2018
14,14,ShikharDhawan,226.5,16,0,0,59,14,12,0,2018
15,15,DineshKarthik,223.5,16,0,0,49,16,14,4,2018
16,16,UmeshYadav,223,14,20,148,0,0,2,0,2018
17,17,AndrewTye,221,14,24,116,2,1,5,0,2018
18,18,ABde Villiers,217.5,12,0,0,39,30,6,0,2018
19,19,DwayneBravo,216.5,16,14,90,8,10,9,0,2018
20,20,ViratKohli,213,14,0,0,52,18,8,0,2018
21,21,ChrisLynn,210.5,16,0,0,56,18,3,0,2018
22,22,SiddarthKaul,209.5,17,21,131,0,0,2,0,2018
23,23,KrishnappaGowtham,207.5,15,11,90,9,9,10,0,2018
24,24,JaspritBumrah,205,14,17,133,1,0,4,0,2018
25,25,TrentBoult,203.5,14,18,118,0,0,9,0,2018
26,26,MSDhoni,200,16,0,0,24,30,11,3,2018
27,27,ShardulThakur,186.5,13,16,113,3,0,4,0,2018
28,28,SureshRaina,179.5,15,0,0,46,12,9,0,2018
29,29,PiyushChawla,175,15,14,110,1,1,4,0,2018
30,30,YuzvendraChahal,175,14,12,128,0,0,2,0,2018
31,31,ChrisGayle,174.5,11,0,0,30,27,2,0,2018
32,32,BenStokes,173.5,13,8,77,13,6,6,0,2018
33,33,EvinLewis,171.5,13,0,0,32,24,3,0,2018
34,34,DeepakChahar,171,12,10,117,1,4,1,0,2018
35,35,KuldeepYadav,171,16,17,94,1,0,6,0,2018
36,36,RavindraJadeja,169.5,16,11,82,3,4,11,0,2018
37,37,JaydevUnadkat,169,15,11,97,6,1,6,0,2018
38,38,BhuvneshwarKumar,163,12,9,124,1,0,2,0,2018
39,39,SandeepSharma,163,12,12,116,0,0,2,0,2018
40,40,RobinUthappa,161,16,0,0,30,21,5,0,2018
41,41,RavichandranAshwin,159.5,14,10,77,7,5,5,0,2018
42,42,ShreyasIyer,158.5,14,0,0,29,21,5,0,2018
43,43,MitchellMcClenaghan,158,11,14,103,1,1,0,0,2018
44,44,JofraArcher,158,10,15,98,2,0,1,0,2018
45,45,SanjuSamson,154,15,0,0,30,19,5,0,2018
46,46,MayankMarkande,152,14,15,87,2,0,3,0,2018
47,47,NitishRana,150,15,4,17,26,14,2,0,2018
48,48,MujeebUr Rahman,149.5,11,14,93,2,0,1,0,2018
49,49,MohammedSiraj,149.5,11,11,90,2,1,5,0,2018
50,50,IshanKishan,142,14,0,0,22,17,9,2,2018
51,51,ShreyasGopal,126.5,11,11,68,5,0,3,0,2018
52,52,GlennMaxwell,126,12,5,32,14,9,4,0,2018
53,53,AnkitRajpoot,126,8,11,80,1,0,2,0,2018
54,54,KarunNair,125.5,13,0,0,23,13,9,0,2018
55,55,AjinkyaRahane,125,15,0,0,39,5,4,0,2018
56,56,RohitSharma,124.5,14,0,0,25,12,8,0,2018
57,57,LungiNgidi,120,7,11,79,0,0,1,0,2018
58,58,AmitMishra,116,10,12,74,0,0,0,0,2018
59,59,HarbhajanSingh,113.5,13,7,68,3,1,4,0,2018
60,60,PrithviShaw,112.5,9,0,0,27,10,4,0,2018
61,61,YusufPathan,106.5,15,1,2,22,11,3,0,2018
62,62,Quintonde Kock,103,8,0,0,20,8,7,3,2018
63,63,TimSouthee,100,8,5,59,5,1,3,0,2018
64,64,PrasidhKrishna,97.5,7,10,60,0,0,1,0,2018
65,65,ManishPandey,95,15,0,0,22,5,9,0,2018
66,66,VijayShankar,92.5,13,1,8,11,11,6,0,2018
67,67,ShivamMavi,91.5,9,5,64,1,0,3,0,2018
68,68,BenCutting,89,9,2,24,5,8,7,0,2018
69,69,MustafizurRahman,88.5,7,7,59,0,0,2,0,2018
70,70,MandeepSingh,88.5,14,0,0,16,11,4,0,2018
71,71,Colinde Grandhomme,85.5,9,2,26,4,10,3,0,2018
72,72,HarshalPatel,84,5,7,36,1,6,0,0,2018
73,73,ChrisWoakes,83.5,5,8,47,1,1,1,0,2018
74,74,RahulTewatia,83,8,6,41,5,1,2,0,2018
75,75,RahulTripathi,83,12,0,0,18,8,4,0,2018
76,76,MohitSharma,82,9,7,50,1,0,2,0,2018
77,77,ShubmanGill,80,13,0,0,22,5,3,0,2018
78,78,AxarPatel,78,9,3,41,3,4,2,0,2018
79,79,CarlosBrathwaite,76,4,5,23,1,8,2,0,2018
80,80,MoeenAli,73.5,5,3,27,4,6,2,0,2018
81,81,ParthivPatel,71.5,6,0,0,20,4,3,0,2018
82,82,DhawalKulkarni,70.5,8,4,54,0,0,1,0,2018
83,83,WashingtonSundar,69.5,7,4,29,5,4,0,0,2018
84,84,IshSodhi,68.5,6,5,51,0,0,0,0,2018
85,85,BenLaughlin,68,7,9,34,0,0,1,0,2018
86,86,BillyStanlake,67,4,5,47,1,0,0,0,2018
87,87,Fafdu Plessis,66,6,0,0,17,6,1,0,2018
88,88,ImranTahir,66,6,6,40,0,0,2,0,2018
89,89,BarinderSran,66,6,4,47,0,0,2,0,2018
90,90,AveshKhan,65.5,6,4,44,0,0,3,0,2018
91,91,BrendonMcCullum,63.5,6,0,0,16,6,1,0,2018
92,92,MitchellJohnson,63,6,2,46,2,0,2,0,2018
93,93,D'ArcyShort,61.5,7,1,8,11,5,2,0,2018
94,94,ChrisMorris,61,4,3,31,3,2,2,0,2018
95,95,LiamPlunkett,61,7,4,42,0,0,2,0,2018
96,96,WriddhimanSaha,61,11,0,0,17,1,5,1,2018
97,97,MarcusStoinis,59.5,7,3,15,6,4,2,0,2018
98,98,KieronPollard,59.5,9,0,0,10,7,4,0,2018
99,99,AlexHales,58.5,6,0,0,13,6,2,0,2018
100,100,JasonRoy,57,5,0,0,9,7,4,0,2018
101,101,AaronFinch,53,10,0,0,6,8,4,0,2018
102,102,SamBillings,50,10,0,0,8,5,5,0,2018
103,103,SandeepLamichhane,47.5,3,5,30,0,0,0,0,2018
104,104,MohammedShami,46,4,3,28,1,0,2,0,2018
105,105,TomCurran,46,5,6,15,3,0,1,0,2018
106,106,MayankAgarwal,45,11,0,0,9,5,2,0,2018
107,107,DanChristian,39.5,4,4,22,0,1,0,0,2018
108,108,BasilThampi,39.5,4,5,17,0,0,2,0,2018
109,109,KarnSharma,37.5,6,4,16,0,0,3,0,2018
110,110,ColinMunro,36.5,5,0,0,7,4,2,0,2018
111,111,ShahbazNadeem,34,6,3,21,0,0,1,0,2018
112,112,HeinrichKlaasen,33.5,4,0,0,5,1,3,4,2018
113,113,DavidWilley,32,3,2,20,0,0,2,0,2018
114,114,ShreevatsGoswami,31,6,0,0,6,1,5,0,2018
115,115,MuruganAshwin,30.5,2,3,20,0,0,0,0,2018
116,116,CoreyAnderson,30,3,3,16,0,1,0,0,2018
117,117,DeepakHooda,29,9,0,6,2,3,3,0,2018
118,118,AbhishekSharma,27.5,3,0,0,3,5,1,0,2018
119,119,JavonSearles,27.5,4,2,7,0,1,4,0,2018
120,120,KMAsif,26.5,2,3,16,0,0,0,0,2018
121,121,GautamGambhir,26,6,0,0,8,1,1,0,2018
122,122,SarfarazKhan,26,7,0,0,7,1,2,0,2018
123,123,KulwantKhejroliya,25,3,2,18,0,0,0,0,2018
124,124,YuvrajSingh,24.5,8,0,0,6,2,1,0,2018
125,125,ManojTiwary,23.5,5,0,0,4,1,4,0,2018
126,126,MohammadNabi,23,2,1,12,3,0,0,0,2018
127,127,VinayKumar,22.5,2,2,8,1,0,2,0,2018
128,128,JPDuminy,22,6,0,6,3,1,2,0,2018
129,129,RinkuSingh,20,4,0,0,4,0,4,0,2018
130,130,MananVohra,19,4,0,0,2,4,0,0,2018
131,131,StuartBinny,16.5,7,0,2,2,2,1,0,2018
132,132,DavidMiller,14.5,3,0,0,3,2,0,0,2018
133,133,PawanNegi,12.5,2,1,9,0,0,0,0,2018
134,134,ChrisJordan,11,1,0,11,0,0,0,0,2018
135,135,AnureetSingh,10,3,1,4,0,0,1,0,2018
136,136,KedarJadhav,9.5,1,0,0,1,2,0,0,2018
137,137,MarkWood,8.5,1,0,6,0,0,1,0,2018
138,138,JuniorDala,7,1,0,7,0,0,0,0,2018
139,139,KhaleelAhmed,7,1,0,7,0,0,0,0,2018
140,140,AkilaDananjaya,6,1,0,6,0,0,0,0,2018
141,141,AkshdeepNath,5,1,0,0,1,0,1,0,2018
142,142,PradeepSangwan,5,1,0,5,0,0,0,0,2018
143,143,PrashantChopra,5,1,0,0,2,0,0,0,2018
144,144,MahipalLomror,4.5,2,0,2,1,0,0,0,2018
145,145,DhruvShorey,3.5,1,0,0,0,1,0,0,2018
146,146,MuraliVijay,3.5,1,0,0,0,1,0,0,2018
147,147,AnkitSharma,1,1,0,1,0,0,0,0,2018
148,148,NamanOjha,0,1,0,0,0,0,0,0,2018
149,149,RickyBhui,0,1,0,0,0,0,0,0,2018
0,,,,,,,,,,,2019
1,1,AndreRussell,369,14,11,61,31,52,4,0,2019
2,2,HardikPandya,342,16,14,94,28,29,11,0,2019
3,3,DeepakChahar,274.5,17,22,190,1,0,2,0,2019
4,4,ImranTahir,255,17,26,149,0,0,6,0,2019
5,5,Quintonde Kock,247.5,16,0,0,45,25,17,2,2019
6,6,RashidKhan,247.5,15,17,166,2,2,4,0,2019
7,7,RishabhPant,247,16,0,0,37,27,18,6,2019
8,8,JaspritBumrah,240.5,16,19,169,0,0,2,0,2019
9,9,RavindraJadeja,234.5,16,15,128,7,4,9,0,2019
10,10,ChrisGayle,231.5,13,0,0,45,34,0,0,2019
11,11,KLRahul,227.5,14,0,0,49,25,7,0,2019
12,12,BhuvneshwarKumar,226,15,13,168,1,0,4,0,2019
13,13,DavidWarner,221,12,0,0,57,21,2,0,2019
14,14,KagisoRabada,219,12,25,113,0,1,6,0,2019
15,15,ShreyasGopal,213,14,20,107,8,1,5,0,2019
16,16,ShikharDhawan,211,16,0,0,64,11,5,0,2019
17,17,KrunalPandya,211,16,12,94,18,5,5,0,2019
18,18,JonnyBairstow,210.5,10,0,0,48,18,9,2,2019
19,19,SunilNarine,205,12,10,96,17,9,0,0,2019
20,20,AxarPatel,203,14,10,110,10,3,9,0,2019
21,21,MohammedShami,198,14,19,119,0,0,5,0,2019
22,22,JofraArcher,191,11,11,121,4,4,3,0,2019
23,23,ShaneWatson,190,17,0,0,42,20,6,0,2019
24,24,YuzvendraChahal,187.5,14,18,117,0,0,3,0,2019
25,25,NavdeepSaini,187,13,11,141,0,0,3,0,2019
26,26,MoeenAli,186,11,6,63,16,17,1,0,2019
27,27,ABde Villiers,183.5,13,0,0,31,26,6,0,2019
28,28,HarbhajanSingh,183,11,16,117,0,0,4,0,2019
29,29,RahulChahar,183,13,13,125,2,0,3,0,2019
30,30,ChrisLynn,182,13,0,0,41,22,1,0,2019
31,31,RavichandranAshwin,180.5,14,15,100,3,3,4,0,2019
32,32,IshantSharma,176,13,13,122,1,1,1,0,2019
33,33,MSDhoni,175.5,15,0,0,22,23,11,5,2019
34,34,RohitSharma,175,15,0,0,52,10,4,0,2019
35,35,ParthivPatel,175,14,0,0,48,10,6,2,2019
36,36,NitishRana,174,14,3,15,27,21,3,0,2019
37,37,ViratKohli,173,14,0,0,46,13,5,0,2019
38,38,Fafdu Plessis,172.5,12,0,0,36,15,12,0,2019
39,39,ShreyasIyer,171.5,16,0,0,41,14,8,0,2019
40,40,SuryakumarYadav,170,16,0,0,45,10,9,0,2019
41,41,JosButtler,164,8,0,0,38,14,8,0,2019
42,42,SureshRaina,162.5,17,0,1,45,9,7,0,2019
43,43,AjinkyaRahane,156.5,14,0,0,45,9,5,0,2019
44,44,MohammadNabi,156.5,8,8,69,8,7,6,0,2019
45,45,KhaleelAhmed,153.5,9,19,87,0,0,0,0,2019
46,46,PiyushChawla,151.5,13,10,87,4,2,5,0,2019
47,47,DwayneBravo,150.5,12,11,74,6,3,5,0,2019
48,48,LasithMalinga,149.5,12,16,91,0,0,1,0,2019
49,49,PrithviShaw,149,16,0,0,45,9,2,0,2019
50,50,SamCurran,143,9,10,60,13,3,2,0,2019
51,51,UmeshYadav,137,11,8,88,3,1,4,0,2019
52,52,ChrisMorris,133,9,13,68,1,2,4,0,2019
53,53,KieronPollard,132,16,0,0,14,22,8,0,2019
54,54,MayankAgarwal,131.5,13,0,0,26,14,7,0,2019
55,55,AmitMishra,129,11,11,83,2,0,1,0,2019
56,56,SandeepSharma,129,11,12,82,1,0,1,0,2019
57,57,SanjuSamson,128,12,0,0,28,13,4,1,2019
58,58,ManishPandey,123.5,12,0,0,34,6,7,0,2019
59,59,DineshKarthik,121.5,14,0,0,22,14,7,0,2019
60,60,RobinUthappa,115,12,0,0,28,10,4,0,2019
61,61,PrasidhKrishna,114,11,4,95,0,0,2,0,2019
62,62,MarcusStoinis,114,10,2,32,14,10,2,0,2019
63,63,DhawalKulkarni,113,10,6,77,1,0,5,0,2019
64,64,VijayShankar,112,15,1,14,11,12,10,0,2019
65,65,ShardulThakur,111.5,10,8,65,1,1,5,0,2019
66,66,ShubmanGill,105,14,0,0,21,10,7,0,2019
67,67,KeemoPaul,104,8,9,54,1,1,5,0,2019
68,68,JaydevUnadkat,103,11,10,58,0,0,4,0,2019
69,69,MohammedSiraj,98.5,9,7,69,0,0,2,0,2019
70,70,RiyanParag,97.5,7,2,18,17,5,5,0,2019
71,71,SteveSmith,96.5,12,0,0,30,4,3,0,2019
72,72,BenStokes,93.5,9,6,31,8,4,3,0,2019
73,73,AmbatiRayudu,89.5,17,0,0,20,7,6,0,2019
74,74,DavidMiller,89.5,10,0,0,19,7,7,0,2019
75,75,MuruganAshwin,84,10,5,59,0,0,3,0,2019
76,76,SandeepLamichhane,80,6,8,47,0,0,2,0,2019
77,77,SiddarthKaul,79.5,7,6,56,0,0,1,0,2019
78,78,KuldeepYadav,78,9,4,54,1,0,3,0,2019
79,79,NicholasPooran,76.5,7,0,0,10,14,1,0,2019
80,80,HarryGurney,75.5,8,7,51,0,0,0,0,2019
81,81,HardusViljoen,74,6,7,47,0,0,1,0,2019
82,82,JasonBehrendorff,71.5,5,5,54,0,0,0,0,2019
83,83,TrentBoult,70,5,5,44,0,1,2,0,2019
84,84,ColinIngram,70,12,0,0,20,5,1,0,2019
85,85,KedarJadhav,68,14,0,0,19,3,4,0,2019
86,86,MitchellSantner,64,4,4,37,0,3,1,0,2019
87,87,SarfarazKhan,61.5,8,0,0,19,4,0,0,2019
88,88,MitchellMcClenaghan,60.5,5,3,45,2,0,0,0,2019
89,89,SherfaneRutherford,53.5,7,1,8,2,7,5,0,2019
90,90,AlzarriJoseph,53.5,3,6,25,2,0,1,0,2019
91,91,KaneWilliamson,52.5,9,0,0,12,5,2,0,2019
92,92,MandeepSingh,50,13,0,1,10,4,4,0,2019
93,93,MujeebUr Rahman,50,5,3,37,0,0,1,0,2019
94,94,RahulTewatia,49.5,5,2,19,2,1,6,0,2019
95,95,WriddhimanSaha,48.5,5,0,0,13,1,4,1,2019
96,96,AnkitRajpoot,48,4,3,35,0,0,1,0,2019
97,97,KrishnappaGowtham,47.5,7,1,38,1,1,0,0,2019
98,98,RahulTripathi,47,8,0,0,13,2,3,0,2019
99,99,AndrewTye,45.5,6,3,30,0,0,2,0,2019
100,100,LiamLivingstone,45.5,4,0,3,6,5,4,0,2019
101,101,PawanNegi,45.5,7,3,25,1,0,3,0,2019
102,102,DeepakHooda,45.5,11,1,1,5,1,10,0,2019
103,103,VarunAaron,44.5,5,4,28,0,0,1,0,2019
104,104,StuartBinny,43,8,1,13,5,4,0,0,2019
105,105,OshaneThomas,42,4,5,22,0,0,1,0,2019
106,106,ShimronHetmyer,42,5,0,0,4,7,3,0,2019
107,107,WashingtonSundar,40,3,4,21,0,0,2,0,2019
108,108,SandeepWarrier,39.5,3,2,30,0,0,1,0,2019
109,109,IshanKishan,39,7,0,0,8,4,2,0,2019
110,110,YuvrajSingh,38.5,4,0,0,7,6,0,0,2019
111,111,LockieFerguson,37,5,2,30,0,0,0,0,2019
112,112,GurkeeratMann Singh,37,3,0,0,11,2,1,0,2019
113,113,MartinGuptill,37,3,0,0,4,7,1,0,2019
114,114,ColinMunro,36.5,4,0,0,9,4,0,0,2019
115,115,DaleSteyn,34,2,4,20,0,0,0,0,2019
116,116,ArshdeepSingh,30.5,3,3,20,0,0,0,0,2019
117,117,TimSouthee,30,3,1,19,0,0,3,0,2019
118,118,IshSodhi,29,2,4,15,0,0,0,0,2019
119,119,ShakibAl Hasan,29,3,2,22,0,0,0,0,2019
120,120,JayantYadav,25.5,2,1,17,0,0,2,0,2019
121,121,EvinLewis,24.5,3,0,0,4,2,3,0,2019
122,122,ScottKuggeleijn,24,2,2,17,0,0,0,0,2019
123,123,HarshalPatel,22,2,2,15,0,0,0,0,2019
124,124,AkshdeepNath,22,8,0,0,5,2,1,0,2019
125,125,Colinde Grandhomme,21.5,4,0,2,4,2,1,0,2019
126,126,MuraliVijay,21,2,0,0,6,1,1,0,2019
127,127,BasilThampi,21,3,0,21,0,0,0,0,2019
128,128,ShivamDube,18.5,4,0,3,1,3,1,0,2019
129,129,JagadeeshaSuchith,18,1,2,11,0,0,0,0,2019
130,130,MayankMarkande,17,3,1,11,1,0,0,0,2019
131,131,ShahbazNadeem,17,3,2,10,0,0,0,0,2019
132,132,HarpreetBrar,15.5,2,0,7,2,1,0,0,2019
133,133,KulwantKhejroliya,13.5,2,1,10,0,0,0,0,2019
134,134,AveshKhan,12,1,0,7,1,0,1,0,2019
135,135,RinkuSingh,12,5,0,0,1,2,1,0,2019
136,136,MohitSharma,11.5,1,1,8,0,0,0,0,2019
137,137,VarunChakravarthy,11.5,1,1,8,0,0,0,0,2019
138,138,PrithviRaj,11.5,2,1,8,0,0,0,0,2019
139,139,BenCutting,11.5,3,1,2,1,1,0,0,2019
140,140,RasikhSalam,10.5,1,0,8,0,0,1,0,2019
141,141,AbhishekSharma,9.5,3,1,1,1,0,1,0,2019
142,142,YusufPathan,9.5,10,0,1,1,1,1,0,2019
143,143,SimranSingh,8.5,1,0,0,1,1,1,0,2019
144,144,CarlosBrathwaite,8.5,2,0,6,1,0,0,0,2019
145,145,KarnSharma,7.5,1,1,4,0,0,0,0,2019
146,146,AnukulRoy,7.5,1,1,4,0,0,0,0,2019
147,147,MahipalLomror,7.5,2,0,0,2,0,1,0,2019
148,148,BarinderSran,7,2,0,7,0,0,0,0,2019
149,149,PrayasRay Barman,7,1,0,2,2,0,0,0,2019
150,150,SudhesanMidhun,6.5,1,0,4,0,0,1,0,2019
151,151,SiddheshLad,6,1,0,0,1,1,0,0,2019
152,152,KCCariappa,4.5,1,0,1,0,1,0,0,2019
153,153,SamBillings,2.5,1,0,0,0,0,1,0,2019
154,154,NikhilNaik,2.5,1,0,0,1,0,0,0,2019
155,155,DhruvShorey,0,1,0,0,0,0,0,0,2019
156,156,HanumaVihari,0,2,0,0,0,0,0,0,2019
157,157,KarunNair,0,1,0,0,0,0,0,0,2019
158,158,JoeDenly,0,1,0,0,0,0,0,0,2019
159,159,PrashantChopra,0,1,0,0,0,0,0,0,2019
160,160,AshtonTurner,0,4,0,0,0,0,0,0,2019
161,161,HeinrichKlaasen,0,3,0,0,0,0,0,0,2019
162,162,RickyBhui,0,1,0,0,0,0,0,0,2019
0,,,,,,,,,,,2020
1,1,JofraArcher,266.5,12,17,147,5,10,5,0,2020
2,2,KLRahul,222.5,12,0,0,52,20,9,0,2020
3,3,KagisoRabada,219,12,23,115,2,1,6,0,2020
4,4,RashidKhan,210.5,12,17,135,2,1,3,0,2020
5,5,SamCurran,210,12,13,80,11,12,6,0,2020
6,6,RahulTewatia,203.5,12,7,78,11,16,7,0,2020
7,7,MohammadShami,197,12,20,122,0,0,2,0,2020
8,8,PatCummins,190,12,6,117,9,7,2,0,2020
9,9,JaspritBumrah,179.5,11,17,120,0,0,0,0,2020
10,10,Quintonde Kock,179.5,11,0,0,34,17,12,2,2020
11,11,AnrichNortje,177,11,15,117,0,0,3,0,2020
12,12,ShikharDhawan,175,12,0,0,52,10,4,0,2020
13,13,TrentBoult,173.5,11,16,110,0,0,3,0,2020
14,14,Fafdu Plessis,167,12,0,0,38,12,12,0,2020
15,15,MayankAgarwal,165,10,0,0,39,15,6,0,2020
16,16,DavidWarner,162,12,0,0,39,12,9,0,2020
17,17,DeepakChahar,157.5,12,12,108,0,0,3,0,2020
18,18,MarcusStoinis,157,12,8,38,20,11,1,0,2020
19,19,RaviBishnoi,155.5,12,12,106,1,0,2,0,2020
20,20,TNatarajan,151.5,12,13,101,0,0,2,0,2020
21,21,NicholasPooran,149.5,12,0,0,23,22,6,0,2020
22,22,YuzvendraChahal,149.5,11,16,91,0,0,1,0,2020
23,23,RavindraJadeja,147,12,4,45,20,8,4,0,2020
24,24,ABde Villiers,146.5,11,0,0,25,19,7,0,2020
25,25,SanjuSamson,145.5,12,0,0,17,23,7,2,2020
26,26,JonnyBairstow,143,11,0,0,31,13,7,1,2020
27,27,VarunChakravarthy,142,11,13,89,0,0,3,0,2020
28,28,AxarPatel,141.5,11,8,76,3,5,5,0,2020
29,29,KieronPollard,136,11,2,21,10,18,8,0,2020
30,30,ShubmanGill,134,12,0,0,34,9,7,0,2020
31,31,ManishPandey,133.5,12,0,0,26,16,5,0,2020
32,32,EoinMorgan,133,12,0,0,25,18,3,0,2020
33,33,NavdeepSaini,131.5,11,5,104,2,0,2,0,2020
34,34,WashingtonSundar,131.5,11,6,86,7,2,0,0,2020
35,35,ChrisMorris,131,6,10,73,1,3,4,0,2020
36,36,ShreyasIyer,130.5,12,0,0,29,13,5,0,2020
37,37,RahulChahar,128.5,11,13,78,0,0,2,0,2020
38,38,ShaneWatson,127,10,0,0,32,12,2,0,2020
39,39,SuryakumarYadav,125,11,0,0,38,5,5,0,2020
40,40,DevduttPadikkal,124.5,11,0,0,33,7,7,0,2020
41,41,SunilNarine,123.5,8,5,54,10,7,1,0,2020
42,42,KrunalPandya,123.5,11,5,67,8,4,2,0,2020
43,43,RohitSharma,120,9,0,0,22,15,5,0,2020
44,44,ShreyasGopal,120,12,9,81,1,0,2,0,2020
45,45,JamesPattinson,117,8,11,71,2,0,1,0,2020
46,46,NitishRana,115.5,12,0,0,33,8,2,0,2020
47,47,IshanKishan,115,9,0,0,17,20,1,0,2020
48,48,JosButtler,113,11,0,0,22,13,5,0,2020
49,49,RishabhPant,112,9,0,0,24,7,11,0,2020
50,50,HardikPandya,110.5,11,0,0,14,18,5,0,2020
51,51,SandeepSharma,110.5,9,8,80,1,0,0,0,2020
52,52,AndreRussell,106,9,6,39,8,6,2,0,2020
53,53,BenStokes,103.5,6,0,13,28,3,4,0,2020
54,54,MSDhoni,102,12,0,0,16,7,14,1,2020
55,55,AmbatiRayudu,101,10,0,0,23,11,2,0,2020
56,56,RavichandranAshwin,101,10,9,57,3,0,2,0,2020
57,57,SteveSmith,99,12,0,0,26,9,1,0,2020
58,58,ShardulThakur,96.5,8,9,60,0,0,2,0,2020
59,59,MuruganAshwin,96.5,7,9,55,0,0,4,0,2020
60,60,AaronFinch,94.5,11,0,0,25,7,3,0,2020
61,61,ChrisJordan,94,7,7,52,2,0,5,0,2020
62,62,KartikTyagi,93.5,8,7,64,0,0,2,0,2020
63,63,PrithviShaw,93,10,0,0,23,8,3,0,2020
64,64,ViratKohli,92.5,11,0,0,21,10,2,0,2020
65,65,KhaleelAhmed,92.5,7,8,62,0,0,1,0,2020
66,66,ArshdeepSingh,89.5,7,9,53,0,0,2,0,2020
67,67,ShivamMavi,81,7,7,49,1,0,2,0,2020
68,68,SheldonCottrell,80,6,6,59,0,0,0,0,2020
69,69,LockieFerguson,78.5,4,6,44,4,1,0,0,2020
70,70,RahulTripathi,78,9,0,0,17,8,3,0,2020
71,71,ChrisGayle,77.5,5,0,0,9,15,1,0,2020
72,72,GlennMaxwell,77.5,12,3,37,8,0,4,0,2020
73,73,VijayShankar,76,7,4,31,10,1,1,0,2020
74,74,IsuruUdana,73,8,7,40,0,1,2,0,2020
75,75,MohammedSiraj,69.5,5,6,41,1,0,2,0,2020
76,76,DineshKarthik,69,12,0,0,17,4,5,0,2020
77,77,KaneWilliamson,69,8,0,0,19,4,3,0,2020
78,78,ShimronHetmyer,68.5,9,0,0,5,11,7,0,2020
79,79,RobinUthappa,64,10,0,0,18,4,2,0,2020
80,80,ShivamDube,61.5,8,4,12,3,8,0,0,2020
81,81,TomCurran,61,5,3,25,5,3,1,0,2020
82,82,DwayneBravo,58.5,6,6,35,0,0,1,0,2020
83,83,PiyushChawla,58,7,6,37,0,0,0,0,2020
84,84,KamleshNagarkoti,52,8,4,28,1,0,3,0,2020
85,85,PrasidhKrishna,51.5,6,4,35,0,0,1,0,2020
86,86,JaydevUnadkat,51.5,7,4,35,0,0,1,0,2020
87,87,TusharDeshpande,50.5,5,3,29,2,1,1,0,2020
88,88,NathanCoulter-Nile,50.5,3,2,31,4,0,1,0,2020
89,89,BhuvneshwarKumar,50.5,4,3,40,0,0,0,0,2020
90,90,AbdulSamad,49,8,1,9,6,4,3,0,2020
91,91,WriddhimanSaha,45.5,2,0,0,13,3,1,0,2020
92,92,AnkitRajpoot,44.5,6,2,34,0,1,0,0,2020
93,93,JasonHolder,44,3,6,23,0,0,0,0,2020
94,94,AbhishekSharma,40,7,2,11,6,2,0,0,2020
95,95,PriyamGarg,39.5,11,0,0,9,2,4,0,2020
96,96,MandeepSingh,39,5,0,0,9,4,1,0,2020
97,97,HarshalPatel,36.5,4,3,21,1,0,1,0,2020
98,98,JoshHazlewood,34.5,3,1,31,0,0,0,0,2020
99,99,KarnSharma,32,4,4,18,0,0,0,0,2020
100,100,JimmyNeesham,31,4,2,18,0,1,1,0,2020
101,101,RiyanParag,31,10,0,3,6,3,1,0,2020
102,102,SaurabhTiwary,30.5,4,0,0,8,3,0,0,2020
103,103,AmitMishra,30,3,3,17,0,0,1,0,2020
104,104,LungiNgidi,29,2,4,15,0,0,0,0,2020
105,105,KrishnappaGowtham,29,2,1,11,3,2,0,0,2020
106,106,AjinkyaRahane,26,5,0,0,7,1,2,0,2020
107,107,RuturajGaikwad,25.5,4,0,0,4,3,2,0,2020
108,108,KuldeepYadav,25,5,1,19,1,0,0,0,2020
109,109,KedarJadhav,20,8,0,0,7,0,1,0,2020
110,110,GurkeeratMann Singh,20,6,0,0,5,0,3,0,2020
111,111,ImranTahir,18,2,0,13,2,0,0,0,2020
112,112,SarfarazKhan,17.5,5,0,0,5,0,2,0,2020
113,113,DaleSteyn,17.5,2,1,14,0,0,0,0,2020
114,114,ShahbazNadeem,17.5,3,1,9,1,0,1,0,2020
115,115,DeepakHooda,15.5,5,0,2,2,1,2,0,2020
116,116,MahipalLomror,15.5,3,0,0,2,3,0,0,2020
117,117,YashasviJaiswal,14.5,3,0,0,2,2,1,0,2020
118,118,UmeshYadav,14,2,0,14,0,0,0,0,2020
119,119,MoeenAli,13.5,2,1,5,1,0,1,0,2020
120,120,MitchellSantner,13,1,1,7,0,0,1,0,2020
121,121,SiddarthKaul,13,1,2,6,0,0,0,0,2020
122,122,DanielSams,12.5,1,0,10,0,0,1,0,2020
123,123,MujeebUr Rahman,12,2,0,12,0,0,0,0,2020
124,124,AndrewTye,12,1,1,5,0,1,0,0,2020
125,125,MohitSharma,10.5,1,1,7,0,0,0,0,2020
126,126,NarayanJagadeesan,10,3,0,0,4,0,0,0,2020
127,127,MuraliVijay,10,3,0,0,4,0,0,0,2020
128,128,MohammadNabi,10,1,0,5,2,0,0,0,2020
129,129,AdamZampa,9.5,2,1,6,0,0,0,0,2020
130,130,AlexCarey,8.5,3,0,0,0,1,2,0,2020
131,131,BasilThampi,8.5,1,1,5,0,0,0,0,2020
132,132,SandeepWarrier,8,1,0,8,0,0,0,0,2020
133,133,KarunNair,7.5,4,0,0,2,0,1,0,2020
134,134,SimranSingh,7.5,2,0,0,2,0,1,0,2020
135,135,AveshKhan,7,1,0,7,0,0,0,0,2020
136,136,HarpreetBrar,6,1,0,6,0,0,0,0,2020
137,137,ChrisGreen,6,1,0,6,0,0,0,0,2020
138,138,TomBanton,6,2,0,0,1,1,0,0,2020
139,139,ShahbazAhmed,5.5,1,0,3,0,0,1,0,2020
140,140,MonuKumar,4,1,0,4,0,0,0,0,2020
141,141,IshantSharma,4,1,0,4,0,0,0,0,2020
142,142,VarunAaron,4,1,0,4,0,0,0,0,2020
143,143,NikhilNaik,2.5,1,0,0,0,0,1,0,2020
144,144,MitchellMarsh,1,1,0,1,0,0,0,0,2020
145,145,DavidMiller,0,1,0,0,0,0,0,0,2020
146,146,JoshPhilippe,0,2,0,0,0,0,0,0,2020
